ANIO,MES,DIA,CODIGO,TOT_VEH_PAG,TOT_VEH_EXON,SENTIDO DE COBRO,FLUJO_VEH
2019,1,1,A1,677,9,0,0
2019,1,2,A1,"1,357",7,0,0
2019,1,3,A1,"1,747",10,0,1
2019,1,4,A1,"1,719",13,0,1
2019,1,5,A1,"1,619",14,0,1
2019,1,6,A1,"1,363",17,0,0
2019,1,7,A1,"1,483",17,0,0
2019,1,8,A1,"1,520",12,0,0
2019,1,9,A1,"1,553",9,0,1
2019,1,10,A1,"1,686",12,0,1
2019,1,11,A1,"1,716",11,0,1
2019,1,12,A1,"1,611",16,0,1
2019,1,13,A1,"1,265",11,0,0
2019,1,14,A1,"1,550",17,0,1
2019,1,15,A1,"1,476",11,0,0
2019,1,16,A1,"1,573",14,0,1
2019,1,17,A1,"1,643",34,0,1
2019,1,18,A1,"1,694",15,0,1
2019,1,19,A1,"1,594",12,0,1
2019,1,20,A1,"1,180",13,0,0
2019,1,21,A1,"1,434",8,0,0
2019,1,22,A1,"1,511",7,0,0
2019,1,23,A1,"1,430",11,0,0
2019,1,24,A1,"1,595",13,0,1
2019,1,25,A1,"1,659",11,0,1
2019,1,26,A1,"1,539",16,0,1
2019,1,27,A1,"1,162",11,0,0
2019,1,28,A1,"1,446",11,0,0
2019,1,29,A1,"1,375",14,0,0
2019,1,30,A1,"1,477",15,0,0
2019,1,31,A1,"1,514",15,0,0
2019,2,1,A1,"1,632",8,0,1
2019,2,2,A1,"1,537",10,0,1
2019,2,3,A1,"1,290",10,0,0
2019,2,4,A1,"1,500",8,0,0
2019,2,5,A1,"1,424",14,0,0
2019,2,6,A1,"1,551",15,0,1
2019,2,7,A1,"1,555",11,0,1
2019,2,8,A1,"1,630",21,0,1
2019,2,9,A1,"1,494",12,0,0
2019,2,10,A1,"1,224",16,0,0
2019,2,11,A1,"1,480",13,0,0
2019,2,12,A1,"1,424",19,0,0
2019,2,13,A1,"1,558",15,0,1
2019,2,14,A1,"1,545",15,0,1
2019,2,15,A1,"1,604",11,0,1
2019,2,16,A1,"1,500",8,0,0
2019,2,17,A1,"1,487",16,0,0
2019,2,18,A1,"1,185",14,0,0
2019,2,19,A1,"1,117",6,0,0
2019,2,20,A1,"1,230",4,0,0
2019,2,21,A1,"1,279",5,0,0
2019,2,22,A1,"1,280",7,0,0
2019,2,23,A1,"1,211",7,0,0
2019,2,24,A1,"1,078",7,0,0
2019,2,25,A1,"1,403",7,0,0
2019,2,26,A1,"1,497",7,0,0
2019,2,27,A1,"1,486",14,0,0
2019,2,28,A1,"1,494",6,0,0
2019,3,1,A1,"1,508",6,0,0
2019,3,2,A1,"1,369",12,0,0
2019,3,3,A1,"1,054",8,0,0
2019,3,4,A1,"1,361",7,0,0
2019,3,5,A1,"1,409",14,0,0
2019,3,6,A1,"1,412",12,0,0
2019,3,7,A1,"1,373",13,0,0
2019,3,8,A1,"1,390",13,0,0
2019,3,9,A1,"1,396",9,0,0
2019,3,10,A1,"1,074",15,0,0
2019,3,11,A1,"1,300",17,0,0
2019,3,12,A1,"1,337",35,0,0
2019,3,13,A1,"1,411",13,0,0
2019,3,14,A1,"1,433",8,0,0
2019,3,15,A1,"1,439",11,0,0
2019,3,16,A1,"1,403",10,0,0
2019,3,17,A1,"1,171",16,0,0
2019,3,18,A1,"1,344",12,0,0
2019,3,19,A1,"1,254",12,0,0
2019,3,20,A1,"1,358",7,0,0
2019,3,21,A1,"1,406",11,0,0
2019,3,22,A1,"1,443",18,0,0
2019,3,23,A1,"1,342",8,0,0
2019,3,24,A1,"1,058",7,0,0
2019,3,25,A1,"1,223",14,0,0
2019,3,26,A1,"1,238",8,0,0
2019,3,27,A1,"1,292",10,0,0
2019,3,28,A1,"1,357",12,0,0
2019,3,29,A1,"1,391",10,0,0
2019,3,30,A1,"1,330",14,0,0
2019,3,31,A1,"1,054",3,0,0
2019,4,1,A1,"1,236",9,0,0
2019,4,2,A1,"1,201",9,0,0
2019,4,3,A1,"1,263",14,0,0
2019,4,4,A1,"1,332",6,0,0
2019,4,5,A1,"1,333",8,0,0
2019,4,6,A1,"1,261",13,0,0
2019,4,7,A1,996,11,0,0
2019,4,8,A1,"1,189",11,0,0
2019,4,9,A1,"1,230",7,0,0
2019,4,10,A1,"1,323",18,0,0
2019,4,11,A1,"1,342",15,0,0
2019,4,12,A1,"1,417",7,0,0
2019,4,13,A1,"1,334",10,0,0
2019,4,14,A1,"1,124",11,0,0
2019,4,15,A1,"1,332",4,0,0
2019,4,16,A1,"1,363",12,0,0
2019,4,17,A1,"1,590",16,0,1
2019,4,18,A1,"2,269",14,0,1
2019,4,19,A1,"1,205",11,0,0
2019,4,20,A1,978,8,0,0
2019,4,21,A1,"1,216",10,0,0
2019,4,22,A1,"1,255",17,0,0
2019,4,23,A1,"1,246",9,0,0
2019,4,24,A1,"1,302",9,0,0
2019,4,25,A1,"1,426",4,0,0
2019,4,26,A1,"1,429",9,0,0
2019,4,27,A1,"1,358",9,0,0
2019,4,28,A1,"1,105",13,0,0
2019,4,29,A1,"1,245",5,0,0
2019,4,30,A1,"1,309",8,0,0
2019,5,1,A1,969,10,0,0
2019,5,2,A1,"1,125",7,0,0
2019,5,3,A1,"1,288",7,0,0
2019,5,4,A1,"1,292",15,0,0
2019,5,5,A1,"1,012",14,0,0
2019,5,6,A1,"1,262",9,0,0
2019,5,7,A1,"1,291",8,0,0
2019,5,8,A1,"1,267",7,0,0
2019,5,9,A1,"1,414",12,0,0
2019,5,10,A1,"1,417",6,0,0
2019,5,11,A1,"1,470",2,0,0
2019,5,12,A1,"1,069",14,0,0
2019,5,13,A1,472,12,0,0
2019,5,14,A1,"1,710",13,0,1
2019,5,15,A1,"1,348",11,0,0
2019,5,16,A1,"1,383",14,0,0
2019,5,17,A1,"1,442",8,0,0
2019,5,18,A1,"1,274",8,0,0
2019,5,19,A1,"1,069",10,0,0
2019,5,20,A1,"1,361",11,0,0
2019,5,21,A1,"1,246",14,0,0
2019,5,22,A1,"1,361",8,0,0
2019,5,23,A1,"1,346",7,0,0
2019,5,24,A1,"1,415",11,0,0
2019,5,25,A1,"1,304",17,0,0
2019,5,26,A1,"1,059",8,0,0
2019,5,27,A1,"1,345",6,0,0
2019,5,28,A1,"1,280",11,0,0
2019,5,29,A1,"1,406",6,0,0
2019,5,30,A1,"1,512",9,0,0
2019,5,31,A1,"1,533",12,0,0
2019,6,1,A1,"1,506",8,0,0
2019,6,2,A1,"1,043",1,0,0
2019,6,3,A1,"1,381",10,0,0
2019,6,4,A1,"1,363",8,0,0
2019,6,5,A1,"1,516",14,0,0
2019,6,6,A1,"1,242",11,0,0
2019,6,7,A1,"1,499",2,0,0
2019,6,8,A1,"1,528",7,0,0
2019,6,9,A1,"1,143",13,0,0
2019,6,10,A1,"1,380",11,0,0
2019,6,11,A1,"1,422",6,0,0
2019,6,12,A1,"1,510",7,0,0
2019,6,13,A1,"1,572",5,0,1
2019,6,14,A1,"1,683",12,0,1
2019,6,15,A1,"1,536",5,0,4
2019,6,16,A1,"1,087",9,0,0
2019,6,17,A1,"1,382",7,0,0
2019,6,18,A1,"1,382",14,0,0
2019,6,19,A1,"1,421",10,0,0
2019,6,20,A1,"1,418",9,0,0
2019,6,21,A1,"1,526",12,0,0
2019,6,22,A1,"1,374",6,0,0
2019,6,23,A1,"1,180",8,0,0
2019,6,24,A1,"1,492",5,0,0
2019,6,25,A1,"1,467",12,0,0
2019,6,26,A1,"1,560",9,0,1
2019,6,27,A1,"1,518",8,0,0
2019,6,28,A1,"1,552",11,0,1
2019,6,29,A1,"1,205",9,0,0
2019,6,30,A1,"1,044",7,0,0
2019,1,1,A2,"3,985",24,0,2
2019,1,2,A2,"4,834",51,0,3
2019,1,3,A2,"5,206",55,0,3
2019,1,4,A2,"5,420",61,0,3
2019,1,5,A2,"5,546",45,0,3
2019,1,6,A2,"4,999",39,0,3
2019,1,7,A2,"4,685",45,0,3
2019,1,8,A2,"4,898",48,0,3
2019,1,9,A2,"4,944",48,0,3
2019,1,10,A2,"5,076",58,0,3
2019,1,11,A2,"5,333",54,0,3
2019,1,12,A2,"5,379",43,0,3
2019,1,13,A2,"5,102",40,0,3
2019,1,14,A2,"4,758",61,0,3
2019,1,15,A2,"4,936",37,0,3
2019,1,16,A2,"4,967",54,0,3
2019,1,17,A2,"5,147",58,0,3
2019,1,18,A2,"5,257",59,0,3
2019,1,19,A2,"5,676",43,0,3
2019,1,20,A2,"5,131",52,0,3
2019,1,21,A2,"4,709",46,0,3
2019,1,22,A2,"4,796",40,0,3
2019,1,23,A2,"4,776",49,0,3
2019,1,24,A2,"4,933",47,0,3
2019,1,25,A2,"5,125",52,0,3
2019,1,26,A2,"5,460",39,0,3
2019,1,27,A2,"5,112",33,0,3
2019,1,28,A2,"4,648",46,0,3
2019,1,29,A2,"4,851",52,0,3
2019,1,30,A2,"4,676",45,0,3
2019,1,31,A2,"4,979",50,0,3
2019,2,1,A2,"5,359",55,0,3
2019,2,2,A2,"5,673",47,0,3
2019,2,3,A2,"5,170",37,0,3
2019,2,4,A2,"4,655",42,0,3
2019,2,5,A2,"5,000",45,0,3
2019,2,6,A2,"4,706",50,0,3
2019,2,7,A2,"4,903",77,0,3
2019,2,8,A2,"5,170",49,0,3
2019,2,9,A2,"5,461",38,0,3
2019,2,10,A2,"5,049",41,0,3
2019,2,11,A2,"4,631",52,0,3
2019,2,12,A2,"4,813",47,0,3
2019,2,13,A2,"4,884",52,0,3
2019,2,14,A2,"5,099",34,0,3
2019,2,15,A2,"5,279",49,0,3
2019,2,16,A2,"5,682",35,0,3
2019,2,17,A2,"4,828",37,0,3
2019,2,18,A2,"4,121",56,0,2
2019,2,19,A2,"4,347",44,0,2
2019,2,20,A2,"4,521",53,0,2
2019,2,21,A2,"4,690",55,0,3
2019,2,22,A2,"4,897",56,0,3
2019,2,23,A2,"5,263",49,0,3
2019,2,24,A2,"4,681",40,0,3
2019,2,25,A2,"4,736",57,0,3
2019,2,26,A2,"4,948",51,0,3
2019,2,27,A2,"4,954",56,0,3
2019,2,28,A2,"5,278",35,0,3
2019,3,1,A2,"5,986",56,0,3
2019,3,2,A2,"5,870",43,0,3
2019,3,3,A2,"4,693",40,0,3
2019,3,4,A2,"4,587",41,0,2
2019,3,5,A2,"4,674",49,0,3
2019,3,6,A2,"4,640",57,0,3
2019,3,7,A2,"4,793",47,0,3
2019,3,8,A2,"4,951",51,0,3
2019,3,9,A2,"5,283",52,0,3
2019,3,10,A2,"4,526",41,0,2
2019,3,11,A2,"4,303",45,0,2
2019,3,12,A2,"4,403",48,0,2
2019,3,13,A2,"4,402",54,0,2
2019,3,14,A2,"4,428",42,0,2
2019,3,15,A2,"4,662",45,0,3
2019,3,16,A2,"5,116",34,0,3
2019,3,17,A2,"4,221",37,0,2
2019,3,18,A2,"4,081",43,0,2
2019,3,19,A2,"4,234",46,0,2
2019,3,20,A2,"4,390",48,0,2
2019,3,21,A2,"4,411",50,0,2
2019,3,22,A2,"4,552",52,0,2
2019,3,23,A2,"4,790",38,0,3
2019,3,24,A2,"4,114",37,0,2
2019,3,25,A2,"4,070",48,0,2
2019,3,26,A2,"4,250",48,0,2
2019,3,27,A2,"4,187",59,0,2
2019,3,28,A2,"4,453",43,0,2
2019,3,29,A2,"4,629",40,0,3
2019,3,30,A2,"4,927",43,0,3
2019,3,31,A2,"4,283",30,0,2
2019,4,1,A2,"4,178",43,0,2
2019,4,2,A2,"4,137",49,0,2
2019,4,3,A2,"4,207",44,0,2
2019,4,4,A2,"4,285",44,0,2
2019,4,5,A2,"4,468",46,0,2
2019,4,6,A2,"4,692",46,0,3
2019,4,7,A2,"3,836",32,0,2
2019,4,8,A2,"3,979",54,0,2
2019,4,9,A2,"4,111",38,0,2
2019,4,10,A2,"4,199",58,0,2
2019,4,11,A2,"4,350",61,0,2
2019,4,12,A2,"4,467",68,0,2
2019,4,13,A2,"4,677",29,0,3
2019,4,14,A2,"4,008",38,0,2
2019,4,15,A2,"4,164",56,0,2
2019,4,16,A2,"4,376",57,0,2
2019,4,17,A2,"5,265",79,0,3
2019,4,18,A2,"7,680",40,0,4
2019,4,19,A2,"4,942",38,0,3
2019,4,20,A2,"4,184",51,0,2
2019,4,21,A2,"4,440",39,0,2
2019,4,22,A2,"4,208",46,0,2
2019,4,23,A2,"4,244",45,0,2
2019,4,24,A2,"4,297",52,0,2
2019,4,25,A2,"4,351",55,0,2
2019,4,26,A2,"4,589",46,0,2
2019,4,27,A2,"4,757",43,0,3
2019,4,28,A2,"4,006",41,0,2
2019,4,29,A2,"4,243",51,0,2
2019,4,30,A2,"4,326",79,0,2
2019,5,1,A2,"3,783",46,0,2
2019,5,2,A2,"3,989",42,0,2
2019,5,3,A2,"4,516",40,0,2
2019,5,4,A2,"4,627",47,0,3
2019,5,5,A2,"4,020",19,0,2
2019,5,6,A2,"3,957",45,0,2
2019,5,7,A2,"4,241",59,0,2
2019,5,8,A2,"4,291",51,0,2
2019,5,9,A2,"4,671",50,0,3
2019,5,10,A2,"4,963",62,0,3
2019,5,11,A2,"6,055",46,0,3
2019,5,12,A2,"4,958",40,0,3
2019,5,13,A2,"3,599",37,0,2
2019,5,14,A2,"4,418",37,0,2
2019,5,15,A2,"4,434",53,0,2
2019,5,16,A2,"4,602",60,0,2
2019,5,17,A2,"4,742",47,0,3
2019,5,18,A2,"4,769",38,0,3
2019,5,19,A2,"4,137",24,0,2
2019,5,20,A2,"4,269",30,0,2
2019,5,21,A2,"4,219",34,0,2
2019,5,22,A2,"4,272",52,0,2
2019,5,23,A2,"4,459",41,0,2
2019,5,24,A2,"4,656",38,0,3
2019,5,25,A2,"4,880",43,0,3
2019,5,26,A2,"4,121",29,0,2
2019,5,27,A2,"4,364",43,0,2
2019,5,28,A2,"4,472",36,0,2
2019,5,29,A2,"4,701",29,0,3
2019,5,30,A2,"4,670",54,0,3
2019,5,31,A2,"4,922",53,0,3
2019,6,1,A2,"4,926",34,0,3
2019,6,2,A2,"4,094",25,0,2
2019,6,3,A2,"4,327",34,0,2
2019,6,4,A2,"4,388",30,0,2
2019,6,5,A2,"4,440",36,0,2
2019,6,6,A2,"4,591",45,0,2
2019,6,7,A2,"4,845",32,0,3
2019,6,8,A2,"5,093",36,0,3
2019,6,9,A2,"4,271",23,0,2
2019,6,10,A2,"4,444",44,0,2
2019,6,11,A2,"4,533",42,0,2
2019,6,12,A2,"4,691",34,0,3
2019,6,13,A2,"4,894",38,0,3
2019,6,14,A2,"5,099",36,0,3
2019,6,15,A2,"5,535",39,0,3
2019,6,16,A2,"4,489",28,0,2
2019,6,17,A2,"4,471",44,0,2
2019,6,18,A2,"4,479",37,0,2
2019,6,19,A2,"4,585",28,0,2
2019,6,20,A2,"4,682",33,0,3
2019,6,21,A2,"4,964",41,0,3
2019,6,22,A2,"5,058",44,0,3
2019,6,23,A2,"4,504",27,0,2
2019,6,24,A2,"4,474",34,0,2
2019,6,25,A2,"4,630",60,0,3
2019,6,26,A2,"4,787",39,0,3
2019,6,27,A2,"4,856",38,0,3
2019,6,28,A2,"5,394",28,0,3
2019,6,29,A2,"5,025",23,0,3
2019,6,30,A2,"4,361",29,0,2
2019,1,1,A2,"4,795",26,1,3
2019,1,2,A2,"5,657",46,1,3
2019,1,3,A2,"5,657",45,1,3
2019,1,4,A2,"5,704",43,1,3
2019,1,5,A2,"5,771",45,1,3
2019,1,6,A2,"5,758",40,1,3
2019,1,7,A2,"5,085",41,1,3
2019,1,8,A2,"5,075",50,1,3
2019,1,9,A2,"4,953",39,1,3
2019,1,10,A2,"4,990",48,1,3
2019,1,11,A2,"5,244",45,1,3
2019,1,12,A2,"5,358",36,1,3
2019,1,13,A2,"5,505",33,1,3
2019,1,14,A2,"4,885",48,1,3
2019,1,15,A2,"5,010",31,1,3
2019,1,16,A2,"4,885",32,1,3
2019,1,17,A2,"4,982",49,1,3
2019,1,18,A2,"5,095",53,1,3
2019,1,19,A2,"5,189",33,1,3
2019,1,20,A2,"5,466",37,1,3
2019,1,21,A2,"4,974",41,1,3
2019,1,22,A2,"4,930",30,1,3
2019,1,23,A2,"4,793",40,1,3
2019,1,24,A2,"4,976",50,1,3
2019,1,25,A2,"5,183",41,1,3
2019,1,26,A2,"5,271",29,1,3
2019,1,27,A2,"5,382",33,1,3
2019,1,28,A2,"4,800",30,1,3
2019,1,29,A2,"4,778",34,1,3
2019,1,30,A2,"4,783",43,1,3
2019,1,31,A2,"4,969",41,1,3
2019,2,1,A2,"5,287",46,1,3
2019,2,2,A2,"5,346",34,1,3
2019,2,3,A2,"5,393",34,1,3
2019,2,4,A2,"4,836",30,1,3
2019,2,5,A2,"4,937",43,1,3
2019,2,6,A2,"4,770",39,1,3
2019,2,7,A2,"4,853",44,1,3
2019,2,8,A2,"5,223",35,1,3
2019,2,9,A2,"5,343",36,1,3
2019,2,10,A2,"5,172",29,1,3
2019,2,11,A2,"4,717",49,1,3
2019,2,12,A2,"4,947",34,1,3
2019,2,13,A2,"4,942",49,1,3
2019,2,14,A2,"5,028",29,1,3
2019,2,15,A2,"5,314",47,1,3
2019,2,16,A2,"5,357",30,1,3
2019,2,17,A2,"5,320",34,1,3
2019,2,18,A2,"4,308",51,1,2
2019,2,19,A2,"4,312",40,1,2
2019,2,20,A2,"4,494",40,1,2
2019,2,21,A2,"4,571",38,1,2
2019,2,22,A2,"4,795",40,1,3
2019,2,23,A2,"5,062",42,1,3
2019,2,24,A2,"5,170",35,1,3
2019,2,25,A2,"4,886",45,1,3
2019,2,26,A2,"4,866",35,1,3
2019,2,27,A2,"5,066",51,1,3
2019,2,28,A2,"5,121",47,1,3
2019,3,1,A2,"5,171",41,1,3
2019,3,2,A2,"5,200",35,1,3
2019,3,3,A2,"5,301",32,1,3
2019,3,4,A2,"4,930",30,1,3
2019,3,5,A2,"4,876",38,1,3
2019,3,6,A2,"4,805",39,1,3
2019,3,7,A2,"4,877",52,1,3
2019,3,8,A2,"5,249",35,1,3
2019,3,9,A2,"5,332",33,1,3
2019,3,10,A2,"4,732",30,1,3
2019,3,11,A2,"4,469",46,1,2
2019,3,12,A2,"4,460",42,1,2
2019,3,13,A2,"4,383",42,1,2
2019,3,14,A2,"4,413",36,1,2
2019,3,15,A2,"4,814",45,1,3
2019,3,16,A2,"4,815",26,1,3
2019,3,17,A2,"4,320",27,1,2
2019,3,18,A2,"4,101",34,1,2
2019,3,19,A2,"4,287",48,1,2
2019,3,20,A2,"4,297",40,1,2
2019,3,21,A2,"4,314",39,1,2
2019,3,22,A2,"4,678",35,1,3
2019,3,23,A2,"4,651",42,1,3
2019,3,24,A2,"4,286",32,1,2
2019,3,25,A2,"4,102",42,1,2
2019,3,26,A2,"4,286",40,1,2
2019,3,27,A2,"4,164",53,1,2
2019,3,28,A2,"4,351",37,1,2
2019,3,29,A2,"4,706",38,1,3
2019,3,30,A2,"4,797",43,1,3
2019,3,31,A2,"4,365",26,1,2
2019,4,1,A2,"4,142",33,1,2
2019,4,2,A2,"4,185",33,1,2
2019,4,3,A2,"4,116",32,1,2
2019,4,4,A2,"4,228",43,1,2
2019,4,5,A2,"4,553",38,1,2
2019,4,6,A2,"4,596",37,1,2
2019,4,7,A2,"4,066",36,1,2
2019,4,8,A2,"3,958",46,1,2
2019,4,9,A2,"4,129",33,1,2
2019,4,10,A2,"4,223",45,1,2
2019,4,11,A2,"4,181",54,1,2
2019,4,12,A2,"4,541",60,1,2
2019,4,13,A2,"4,469",33,1,2
2019,4,14,A2,"3,976",32,1,2
2019,4,15,A2,"4,090",47,1,2
2019,4,16,A2,"4,317",54,1,2
2019,4,17,A2,"4,942",67,1,3
2019,4,18,A2,"4,932",35,1,3
2019,4,19,A2,"4,800",34,1,3
2019,4,20,A2,"5,174",45,1,3
2019,4,21,A2,"6,770",31,1,4
2019,4,22,A2,"4,577",43,1,2
2019,4,23,A2,"4,231",42,1,2
2019,4,24,A2,"4,171",55,1,2
2019,4,25,A2,"4,221",46,1,2
2019,4,26,A2,"4,583",36,1,2
2019,4,27,A2,"4,650",39,1,3
2019,4,28,A2,"4,042",28,1,2
2019,4,29,A2,"4,138",67,1,2
2019,4,30,A2,"4,442",68,1,2
2019,5,1,A2,"3,734",43,1,2
2019,5,2,A2,"3,976",43,1,2
2019,5,3,A2,"4,759",42,1,3
2019,5,4,A2,"4,560",38,1,2
2019,5,5,A2,"4,049",20,1,2
2019,5,6,A2,"3,993",41,1,2
2019,5,7,A2,"4,122",39,1,2
2019,5,8,A2,"4,229",43,1,2
2019,5,9,A2,"4,511",36,1,2
2019,5,10,A2,"4,875",53,1,3
2019,5,11,A2,"5,372",37,1,3
2019,5,12,A2,"5,181",33,1,3
2019,5,13,A2,"3,524",36,1,2
2019,5,14,A2,"4,395",35,1,2
2019,5,15,A2,"4,474",40,1,2
2019,5,16,A2,"4,516",38,1,2
2019,5,17,A2,"4,914",38,1,3
2019,5,18,A2,"4,979",35,1,3
2019,5,19,A2,"4,344",17,1,2
2019,5,20,A2,"4,199",26,1,2
2019,5,21,A2,"4,274",30,1,2
2019,5,22,A2,"4,340",36,1,2
2019,5,23,A2,"4,307",36,1,2
2019,5,24,A2,"4,844",34,1,3
2019,5,25,A2,"4,801",32,1,3
2019,5,26,A2,"4,105",24,1,2
2019,5,27,A2,"4,320",32,1,2
2019,5,28,A2,"4,386",35,1,2
2019,5,29,A2,"4,571",36,1,2
2019,5,30,A2,"4,602",31,1,2
2019,5,31,A2,"4,944",51,1,3
2019,6,1,A2,"4,920",40,1,3
2019,6,2,A2,"4,171",22,1,2
2019,6,3,A2,"4,211",31,1,2
2019,6,4,A2,"4,349",28,1,2
2019,6,5,A2,"4,371",33,1,2
2019,6,6,A2,"4,333",38,1,2
2019,6,7,A2,"4,867",35,1,3
2019,6,8,A2,"5,007",30,1,3
2019,6,9,A2,"4,426",19,1,2
2019,6,10,A2,"4,290",32,1,2
2019,6,11,A2,"4,519",36,1,2
2019,6,12,A2,"4,500",30,1,2
2019,6,13,A2,"4,712",34,1,3
2019,6,14,A2,"5,120",34,1,3
2019,6,15,A2,"5,143",29,1,3
2019,6,16,A2,"4,894",30,1,3
2019,6,17,A2,"4,502",37,1,2
2019,6,18,A2,"4,435",32,1,2
2019,6,19,A2,"4,471",26,1,2
2019,6,20,A2,"4,511",25,1,2
2019,6,21,A2,"4,848",37,1,3
2019,6,22,A2,"4,810",39,1,3
2019,6,23,A2,"4,364",33,1,2
2019,6,24,A2,"4,512",28,1,2
2019,6,25,A2,"4,556",41,1,2
2019,6,26,A2,"4,764",32,1,3
2019,6,27,A2,"4,830",30,1,3
2019,6,28,A2,"5,345",30,1,3
2019,6,29,A2,"4,899",27,1,3
2019,6,30,A2,"4,906",22,1,3
2019,1,1,A3,899,5,0,0
2019,1,2,A3,"1,685",5,0,1
2019,1,3,A3,"2,009",8,0,1
2019,1,4,A3,"1,847",10,0,1
2019,1,5,A3,"1,776",9,0,1
2019,1,6,A3,"1,592",6,0,1
2019,1,7,A3,"1,807",7,0,1
2019,1,8,A3,"1,705",2,0,1
2019,1,9,A3,"1,680",6,0,1
2019,1,10,A3,"1,906",6,0,1
2019,1,11,A3,"1,819",3,0,1
2019,1,12,A3,"1,758",2,0,1
2019,1,13,A3,"1,567",3,0,1
2019,1,14,A3,"1,894",8,0,1
2019,1,15,A3,"1,695",9,0,1
2019,1,16,A3,"1,737",5,0,1
2019,1,17,A3,"1,787",23,0,1
2019,1,18,A3,"1,898",7,0,1
2019,1,19,A3,"1,746",4,0,1
2019,1,20,A3,"1,477",3,0,0
2019,1,21,A3,"1,738",4,0,1
2019,1,22,A3,"1,674",4,0,1
2019,1,23,A3,"1,485",4,0,0
2019,1,24,A3,"1,774",6,0,1
2019,1,25,A3,"1,786",8,0,1
2019,1,26,A3,"1,645",6,0,1
2019,1,27,A3,"1,440",5,0,0
2019,1,28,A3,"1,737",6,0,1
2019,1,29,A3,"1,610",5,0,1
2019,1,30,A3,"1,630",8,0,1
2019,1,31,A3,"1,778",12,0,1
2019,2,1,A3,"1,856",5,0,1
2019,2,2,A3,"1,588",7,0,1
2019,2,3,A3,"1,580",4,0,1
2019,2,4,A3,"1,805",4,0,1
2019,2,5,A3,"1,655",5,0,1
2019,2,6,A3,"1,682",6,0,1
2019,2,7,A3,"1,751",12,0,1
2019,2,8,A3,"1,770",12,0,1
2019,2,9,A3,"1,650",1,0,1
2019,2,10,A3,"1,545",4,0,1
2019,2,11,A3,"1,797",7,0,1
2019,2,12,A3,"1,608",9,0,1
2019,2,13,A3,"1,738",4,0,1
2019,2,14,A3,"1,682",1,0,1
2019,2,15,A3,"1,720",6,0,1
2019,2,16,A3,"1,662",2,0,1
2019,2,17,A3,"1,603",5,0,1
2019,2,18,A3,"1,544",8,0,1
2019,2,19,A3,"1,438",5,0,0
2019,2,20,A3,"1,437",4,0,0
2019,2,21,A3,"1,625",3,0,1
2019,2,22,A3,"1,556",9,0,1
2019,2,23,A3,"1,539",4,0,1
2019,2,24,A3,"1,372",6,0,0
2019,2,25,A3,"1,734",4,0,1
2019,2,26,A3,"1,774",1,0,1
2019,2,27,A3,"1,735",10,0,1
2019,2,28,A3,"1,838",9,0,1
2019,3,1,A3,"1,785",5,0,1
2019,3,2,A3,"1,631",3,0,1
2019,3,3,A3,"1,369",7,0,0
2019,3,4,A3,"1,764",3,0,1
2019,3,5,A3,"1,677",5,0,1
2019,3,6,A3,"1,679",7,0,1
2019,3,7,A3,"1,753",3,0,1
2019,3,8,A3,"1,735",5,0,1
2019,3,9,A3,"1,599",5,0,1
2019,3,10,A3,"1,379",11,0,0
2019,3,11,A3,"1,668",10,0,1
2019,3,12,A3,"1,503",3,0,0
2019,3,13,A3,"1,554",4,0,1
2019,3,14,A3,"1,594",3,0,1
2019,3,15,A3,"1,607",5,0,1
2019,3,16,A3,"1,485",7,0,0
2019,3,17,A3,"1,391",5,0,0
2019,3,18,A3,"1,602",3,0,1
2019,3,19,A3,"1,419",6,0,0
2019,3,20,A3,"1,542",7,0,1
2019,3,21,A3,"1,611",5,0,1
2019,3,22,A3,"1,609",2,0,1
2019,3,23,A3,"1,465",5,0,0
2019,3,24,A3,"1,300",4,0,0
2019,3,25,A3,"1,546",9,0,1
2019,3,26,A3,"1,500",8,0,0
2019,3,27,A3,"1,467",6,0,0
2019,3,28,A3,"1,584",8,0,1
2019,3,29,A3,"1,542",3,0,1
2019,3,30,A3,"1,446",5,0,0
2019,3,31,A3,"1,299",2,0,0
2019,4,1,A3,"1,544",6,0,1
2019,4,2,A3,"1,406",5,0,0
2019,4,3,A3,"1,459",7,0,0
2019,4,4,A3,"1,625",3,0,1
2019,4,5,A3,"1,599",8,0,1
2019,4,6,A3,"1,398",5,0,0
2019,4,7,A3,"1,266",4,0,0
2019,4,8,A3,"1,549",3,0,1
2019,4,9,A3,"1,493",4,0,0
2019,4,10,A3,"1,478",12,0,0
2019,4,11,A3,"1,572",8,0,1
2019,4,12,A3,"1,631",5,0,1
2019,4,13,A3,"1,465",3,0,0
2019,4,14,A3,"1,390",7,0,0
2019,4,15,A3,"1,657",7,0,1
2019,4,16,A3,"1,589",8,0,1
2019,4,17,A3,"1,804",8,0,1
2019,4,18,A3,"2,634",8,0,1
2019,4,19,A3,"1,357",1,0,0
2019,4,20,A3,"1,106",4,0,0
2019,4,21,A3,"1,613",4,0,1
2019,4,22,A3,"1,619",5,0,1
2019,4,23,A3,"1,453",6,0,0
2019,4,24,A3,"1,503",2,0,0
2019,4,25,A3,"1,637",1,0,1
2019,4,26,A3,"1,618",2,0,1
2019,4,27,A3,"1,494",7,0,0
2019,4,28,A3,"1,317",6,0,0
2019,4,29,A3,"1,571",1,0,1
2019,4,30,A3,"1,500",4,0,0
2019,5,1,A3,"1,158",6,0,0
2019,5,2,A3,"1,414",2,0,0
2019,5,3,A3,"1,425",4,0,0
2019,5,4,A3,"1,432",4,0,0
2019,5,5,A3,"1,218",5,0,0
2019,5,6,A3,"1,590",7,0,1
2019,5,7,A3,"1,566",10,0,1
2019,5,8,A3,"1,482",4,0,0
2019,5,9,A3,"1,625",6,0,1
2019,5,10,A3,"1,623",3,0,1
2019,5,11,A3,"1,678",1,0,1
2019,5,12,A3,"1,332",5,0,0
2019,5,13,A3,"1,272",1,0,0
2019,5,14,A3,"1,714",2,0,1
2019,5,15,A3,"1,548",5,0,1
2019,5,16,A3,"1,584",9,0,1
2019,5,17,A3,"1,619",4,0,1
2019,5,18,A3,"1,397",3,0,0
2019,5,19,A3,"1,323",9,0,0
2019,5,20,A3,"1,645",4,0,1
2019,5,21,A3,"1,446",4,0,0
2019,5,22,A3,"1,526",2,0,0
2019,5,23,A3,"1,627",4,0,1
2019,5,24,A3,"1,554",5,0,1
2019,5,25,A3,"1,422",7,0,0
2019,5,26,A3,"1,306",2,0,0
2019,5,27,A3,"1,595",1,0,1
2019,5,28,A3,"1,543",4,0,1
2019,5,29,A3,"1,558",8,0,1
2019,5,30,A3,"1,744",5,0,1
2019,5,31,A3,"1,697",10,0,1
2019,6,1,A3,"1,571",4,0,1
2019,6,2,A3,"1,307",1,0,0
2019,6,3,A3,"1,671",4,0,1
2019,6,4,A3,"1,574",5,0,1
2019,6,5,A3,"1,641",6,0,1
2019,6,6,A3,"1,564",4,0,1
2019,6,7,A3,"1,776",5,0,1
2019,6,8,A3,"1,589",6,0,1
2019,6,9,A3,"1,417",3,0,0
2019,6,10,A3,"1,721",5,0,1
2019,6,11,A3,"1,609",5,0,1
2019,6,12,A3,"1,667",3,0,1
2019,6,13,A3,"1,770",2,0,1
2019,6,14,A3,"1,778",4,0,1
2019,6,15,A3,"1,645",2,0,1
2019,6,16,A3,"1,351",3,0,0
2019,6,17,A3,"1,710",6,0,1
2019,6,18,A3,"1,573",3,0,1
2019,6,19,A3,"1,627",5,0,1
2019,6,20,A3,"1,566",7,0,1
2019,6,21,A3,"1,650",7,0,1
2019,6,22,A3,"1,477",4,0,0
2019,6,23,A3,"1,396",6,0,0
2019,6,24,A3,"1,789",3,0,1
2019,6,25,A3,"1,646",4,0,1
2019,6,26,A3,"1,705",4,0,1
2019,6,27,A3,"1,667",6,0,1
2019,6,28,A3,"1,659",3,0,1
2019,6,29,A3,"1,344",3,0,0
2019,6,30,A3,"1,329",2,0,0
2019,1,1,A4,"1,682",11,0,1
2019,1,2,A4,"2,612",11,0,1
2019,1,3,A4,"3,249",12,0,2
2019,1,4,A4,"3,295",19,0,2
2019,1,5,A4,"3,163",12,0,2
2019,1,6,A4,"2,828",12,0,1
2019,1,7,A4,"2,764",10,0,1
2019,1,8,A4,"2,935",9,0,1
2019,1,9,A4,"2,975",10,0,1
2019,1,10,A4,"3,178",7,0,2
2019,1,11,A4,"3,254",14,0,2
2019,1,12,A4,"3,103",4,0,2
2019,1,13,A4,"2,779",16,0,1
2019,1,14,A4,"2,792",15,0,1
2019,1,15,A4,"2,851",17,0,1
2019,1,16,A4,"2,992",23,0,1
2019,1,17,A4,"3,182",15,0,2
2019,1,18,A4,"3,257",14,0,2
2019,1,19,A4,"3,178",8,0,2
2019,1,20,A4,"2,834",8,0,1
2019,1,21,A4,"2,817",11,0,1
2019,1,22,A4,"2,886",14,0,1
2019,1,23,A4,"2,844",14,0,1
2019,1,24,A4,"2,952",10,0,1
2019,1,25,A4,"3,006",13,0,1
2019,1,26,A4,"2,924",11,0,1
2019,1,27,A4,"2,572",11,0,1
2019,1,28,A4,"2,663",11,0,1
2019,1,29,A4,"2,739",13,0,1
2019,1,30,A4,"2,670",15,0,1
2019,1,31,A4,"2,904",16,0,1
2019,2,1,A4,"3,098",8,0,2
2019,2,2,A4,"3,027",15,0,1
2019,2,3,A4,"2,696",8,0,1
2019,2,4,A4,"2,704",12,0,1
2019,2,5,A4,"2,788",8,0,1
2019,2,6,A4,"2,747",11,0,1
2019,2,7,A4,"3,007",20,0,1
2019,2,8,A4,"3,023",18,0,1
2019,2,9,A4,"3,018",8,0,1
2019,2,10,A4,"2,785",11,0,1
2019,2,11,A4,"2,645",13,0,1
2019,2,12,A4,"2,783",6,0,1
2019,2,13,A4,"2,902",10,0,1
2019,2,14,A4,"2,950",9,0,1
2019,2,15,A4,"2,963",10,0,1
2019,2,16,A4,"3,067",5,0,1
2019,2,17,A4,"2,898",10,0,1
2019,2,18,A4,"2,401",13,0,1
2019,2,19,A4,"2,465",11,0,1
2019,2,20,A4,"2,577",12,0,1
2019,2,21,A4,"2,734",6,0,1
2019,2,22,A4,"2,761",13,0,1
2019,2,23,A4,"2,949",8,0,1
2019,2,24,A4,"2,557",13,0,1
2019,2,25,A4,"2,680",15,0,1
2019,2,26,A4,"2,873",17,0,1
2019,2,27,A4,"2,831",10,0,1
2019,2,28,A4,"2,981",12,0,1
2019,3,1,A4,"2,999",13,0,1
2019,3,2,A4,"2,911",8,0,1
2019,3,3,A4,"2,729",14,0,1
2019,3,4,A4,"2,744",22,0,1
2019,3,5,A4,"2,709",11,0,1
2019,3,6,A4,"2,734",15,0,1
2019,3,7,A4,"2,822",8,0,1
2019,3,8,A4,"2,825",11,0,1
2019,3,9,A4,"2,877",8,0,1
2019,3,10,A4,"2,558",10,0,1
2019,3,11,A4,"2,485",11,0,1
2019,3,12,A4,"2,516",9,0,1
2019,3,13,A4,"2,579",9,0,1
2019,3,14,A4,"2,658",15,0,1
2019,3,15,A4,"2,745",10,0,1
2019,3,16,A4,"2,697",5,0,1
2019,3,17,A4,"2,528",5,0,1
2019,3,18,A4,"2,345",13,0,1
2019,3,19,A4,"2,449",13,0,1
2019,3,20,A4,"2,545",23,0,1
2019,3,21,A4,"2,635",1,0,1
2019,3,22,A4,"2,696",11,0,1
2019,3,23,A4,"2,547",12,0,1
2019,3,24,A4,"2,314",12,0,1
2019,3,25,A4,"2,366",3,0,1
2019,3,26,A4,"2,421",10,0,1
2019,3,27,A4,"2,383",11,0,1
2019,3,28,A4,"2,661",15,0,1
2019,3,29,A4,"2,741",9,0,1
2019,3,30,A4,"2,746",14,0,1
2019,3,31,A4,"2,399",5,0,1
2019,4,1,A4,"2,269",15,0,1
2019,4,2,A4,"2,319",8,0,1
2019,4,3,A4,"2,353",16,0,1
2019,4,4,A4,"2,405",14,0,1
2019,4,5,A4,"2,643",10,0,1
2019,4,6,A4,"2,462",4,0,1
2019,4,7,A4,"2,272",12,0,1
2019,4,8,A4,"2,204",12,0,1
2019,4,9,A4,"2,318",3,0,1
2019,4,10,A4,"2,315",6,0,1
2019,4,11,A4,"2,546",11,0,1
2019,4,12,A4,"2,671",12,0,1
2019,4,13,A4,"2,544",12,0,1
2019,4,14,A4,"2,416",3,0,1
2019,4,15,A4,"2,371",9,0,1
2019,4,16,A4,"2,554",15,0,1
2019,4,17,A4,"3,043",4,0,1
2019,4,18,A4,"4,374",11,0,2
2019,4,19,A4,"2,550",10,0,1
2019,4,20,A4,"2,135",16,0,1
2019,4,21,A4,"2,694",10,0,1
2019,4,22,A4,"2,344",5,0,1
2019,4,23,A4,"2,466",14,0,1
2019,4,24,A4,"2,414",15,0,1
2019,4,25,A4,"2,658",6,0,1
2019,4,26,A4,"2,654",5,0,1
2019,4,27,A4,"2,690",12,0,1
2019,4,28,A4,"2,341",19,0,1
2019,4,29,A4,"2,363",10,0,1
2019,4,30,A4,"2,495",8,0,1
2019,5,1,A4,"2,098",12,0,1
2019,5,2,A4,"2,255",24,0,1
2019,5,3,A4,"2,556",10,0,1
2019,5,4,A4,"2,578",9,0,1
2019,5,5,A4,"2,272",9,0,1
2019,5,6,A4,"2,360",14,0,1
2019,5,7,A4,"2,402",9,0,1
2019,5,8,A4,"2,458",8,0,1
2019,5,9,A4,"2,654",15,0,1
2019,5,10,A4,"2,791",12,0,1
2019,5,11,A4,"3,300",9,0,2
2019,5,12,A4,"2,471",16,0,1
2019,5,13,A4,"2,328",8,0,1
2019,5,14,A4,"2,445",14,0,1
2019,5,15,A4,"2,514",13,0,1
2019,5,16,A4,"2,609",10,0,1
2019,5,17,A4,"2,709",14,0,1
2019,5,18,A4,"2,623",11,0,1
2019,5,19,A4,"2,353",9,0,1
2019,5,20,A4,"2,410",5,0,1
2019,5,21,A4,"2,323",7,0,1
2019,5,22,A4,"2,508",10,0,1
2019,5,23,A4,"2,618",6,0,1
2019,5,24,A4,"2,588",4,0,1
2019,5,25,A4,"2,606",7,0,1
2019,5,26,A4,"2,425",8,0,1
2019,5,27,A4,"2,411",11,0,1
2019,5,28,A4,"2,398",8,0,1
2019,5,29,A4,"2,772",12,0,1
2019,5,30,A4,"2,771",10,0,1
2019,5,31,A4,"2,779",12,0,1
2019,6,1,A4,"2,807",4,0,1
2019,6,2,A4,"2,418",11,0,1
2019,6,3,A4,"2,552",10,0,1
2019,6,4,A4,"2,497",4,0,1
2019,6,5,A4,"2,584",5,0,1
2019,6,6,A4,"2,618",12,0,1
2019,6,7,A4,"2,869",10,0,1
2019,6,8,A4,"2,756",7,0,1
2019,6,9,A4,"2,497",8,0,1
2019,6,10,A4,"2,546",15,0,1
2019,6,11,A4,"2,524",13,0,1
2019,6,12,A4,"2,732",6,0,1
2019,6,13,A4,"2,813",4,0,1
2019,6,14,A4,"2,955",10,0,1
2019,6,15,A4,"3,002",8,0,1
2019,6,16,A4,"2,414",5,0,1
2019,6,17,A4,"2,483",7,0,1
2019,6,18,A4,"2,591",8,0,1
2019,6,19,A4,"2,694",7,0,1
2019,6,20,A4,"2,810",12,0,1
2019,6,21,A4,"2,905",7,0,1
2019,6,22,A4,"2,770",7,0,1
2019,6,23,A4,"2,570",12,0,1
2019,6,24,A4,"2,617",16,0,1
2019,6,25,A4,"2,637",8,0,1
2019,6,26,A4,"2,769",14,0,1
2019,6,27,A4,"2,744",17,0,1
2019,6,28,A4,"2,954",10,0,1
2019,6,29,A4,"2,570",6,0,1
2019,6,30,A4,"2,409",9,0,1
2019,1,1,A4,"2,019",17,1,1
2019,1,2,A4,"3,406",17,1,2
2019,1,3,A4,"3,431",16,1,2
2019,1,4,A4,"3,586",9,1,2
2019,1,5,A4,"3,691",16,1,2
2019,1,6,A4,"3,052",13,1,1
2019,1,7,A4,"3,044",16,1,1
2019,1,8,A4,"3,193",10,1,2
2019,1,9,A4,"2,989",10,1,1
2019,1,10,A4,"3,080",10,1,2
2019,1,11,A4,"3,225",10,1,2
2019,1,12,A4,"3,205",6,1,2
2019,1,13,A4,"2,763",16,1,1
2019,1,14,A4,"2,886",10,1,1
2019,1,15,A4,"3,002",13,1,1
2019,1,16,A4,"2,966",5,1,1
2019,1,17,A4,"3,039",14,1,1
2019,1,18,A4,"3,183",9,1,2
2019,1,19,A4,"3,249",8,1,2
2019,1,20,A4,"2,748",14,1,1
2019,1,21,A4,"2,927",12,1,1
2019,1,22,A4,"2,893",9,1,1
2019,1,23,A4,"2,747",16,1,1
2019,1,24,A4,"2,969",14,1,1
2019,1,25,A4,"3,062",13,1,1
2019,1,26,A4,"3,052",7,1,1
2019,1,27,A4,"2,571",14,1,1
2019,1,28,A4,"2,580",8,1,1
2019,1,29,A4,"2,783",10,1,1
2019,1,30,A4,"2,723",15,1,1
2019,1,31,A4,"2,987",14,1,1
2019,2,1,A4,"3,029",5,1,1
2019,2,2,A4,"3,168",6,1,2
2019,2,3,A4,"2,483",11,1,1
2019,2,4,A4,"2,721",9,1,1
2019,2,5,A4,"2,809",7,1,1
2019,2,6,A4,"2,729",12,1,1
2019,2,7,A4,"2,848",14,1,1
2019,2,8,A4,"3,136",16,1,2
2019,2,9,A4,"3,195",10,1,2
2019,2,10,A4,"2,602",8,1,1
2019,2,11,A4,"2,763",7,1,1
2019,2,12,A4,"2,938",14,1,1
2019,2,13,A4,"2,917",12,1,1
2019,2,14,A4,"2,859",12,1,1
2019,2,15,A4,"3,075",14,1,2
2019,2,16,A4,"3,054",7,1,1
2019,2,17,A4,"2,644",9,1,1
2019,2,18,A4,"2,466",8,1,1
2019,2,19,A4,"2,594",9,1,1
2019,2,20,A4,"2,585",14,1,1
2019,2,21,A4,"2,696",10,1,1
2019,2,22,A4,"2,865",12,1,1
2019,2,23,A4,"2,911",11,1,1
2019,2,24,A4,"2,574",18,1,1
2019,2,25,A4,"2,692",10,1,1
2019,2,26,A4,"2,887",12,1,1
2019,2,27,A4,"2,973",7,1,1
2019,2,28,A4,"3,071",19,1,1
2019,3,1,A4,"3,344",21,1,2
2019,3,2,A4,"3,208",15,1,2
2019,3,3,A4,"2,448",15,1,1
2019,3,4,A4,"2,545",14,1,1
2019,3,5,A4,"2,628",10,1,1
2019,3,6,A4,"2,566",8,1,1
2019,3,7,A4,"2,771",13,1,1
2019,3,8,A4,"2,976",8,1,1
2019,3,9,A4,"3,005",4,1,1
2019,3,10,A4,"2,254",12,1,1
2019,3,11,A4,"2,442",11,1,1
2019,3,12,A4,"2,584",10,1,1
2019,3,13,A4,"2,505",8,1,1
2019,3,14,A4,"2,583",12,1,1
2019,3,15,A4,"2,755",11,1,1
2019,3,16,A4,"2,682",13,1,1
2019,3,17,A4,"2,239",9,1,1
2019,3,18,A4,"2,373",12,1,1
2019,3,19,A4,"2,461",13,1,1
2019,3,20,A4,"2,446",17,1,1
2019,3,21,A4,"2,580",5,1,1
2019,3,22,A4,"2,688",5,1,1
2019,3,23,A4,"2,786",13,1,1
2019,3,24,A4,"2,084",16,1,1
2019,3,25,A4,"2,318",6,1,1
2019,3,26,A4,"2,506",8,1,1
2019,3,27,A4,"2,305",13,1,1
2019,3,28,A4,"2,547",16,1,1
2019,3,29,A4,"2,800",10,1,1
2019,3,30,A4,"2,719",18,1,1
2019,3,31,A4,"2,184",8,1,1
2019,4,1,A4,"2,274",10,1,1
2019,4,2,A4,"2,351",7,1,1
2019,4,3,A4,"2,166",12,1,1
2019,4,4,A4,"2,362",14,1,1
2019,4,5,A4,"2,702",11,1,1
2019,4,6,A4,"2,534",3,1,1
2019,4,7,A4,"2,096",15,1,1
2019,4,8,A4,"2,212",12,1,1
2019,4,9,A4,"2,314",7,1,1
2019,4,10,A4,"2,330",7,1,1
2019,4,11,A4,"2,401",17,1,1
2019,4,12,A4,"2,551",15,1,1
2019,4,13,A4,"2,501",11,1,1
2019,4,14,A4,"2,083",3,1,1
2019,4,15,A4,"2,352",7,1,1
2019,4,16,A4,"2,486",14,1,1
2019,4,17,A4,"2,966",6,1,1
2019,4,18,A4,"3,136",9,1,2
2019,4,19,A4,"2,259",10,1,1
2019,4,20,A4,"2,753",20,1,1
2019,4,21,A4,"3,553",8,1,2
2019,4,22,A4,"2,571",3,1,1
2019,4,23,A4,"2,436",14,1,1
2019,4,24,A4,"2,326",19,1,1
2019,4,25,A4,"2,483",9,1,1
2019,4,26,A4,"2,677",9,1,1
2019,4,27,A4,"2,689",10,1,1
2019,4,28,A4,"2,092",10,1,1
2019,4,29,A4,"2,324",16,1,1
2019,4,30,A4,"2,594",9,1,1
2019,5,1,A4,"1,872",9,1,1
2019,5,2,A4,"2,337",22,1,1
2019,5,3,A4,"2,692",13,1,1
2019,5,4,A4,"2,603",11,1,1
2019,5,5,A4,"2,011",10,1,1
2019,5,6,A4,"2,316",16,1,1
2019,5,7,A4,"2,423",9,1,1
2019,5,8,A4,"2,442",12,1,1
2019,5,9,A4,"2,544",12,1,1
2019,5,10,A4,"2,862",18,1,1
2019,5,11,A4,"3,101",18,1,2
2019,5,12,A4,"2,249",16,1,1
2019,5,13,A4,"1,974",13,1,1
2019,5,14,A4,"2,620",14,1,1
2019,5,15,A4,"2,554",15,1,1
2019,5,16,A4,"2,624",5,1,1
2019,5,17,A4,"2,852",13,1,1
2019,5,18,A4,"2,852",14,1,1
2019,5,19,A4,"2,268",4,1,1
2019,5,20,A4,"2,271",9,1,1
2019,5,21,A4,"2,351",10,1,1
2019,5,22,A4,"2,487",9,1,1
2019,5,23,A4,"2,618",10,1,1
2019,5,24,A4,"2,744",3,1,1
2019,5,25,A4,"2,743",9,1,1
2019,5,26,A4,"2,105",13,1,1
2019,5,27,A4,"2,359",12,1,1
2019,5,28,A4,"2,499",9,1,1
2019,5,29,A4,"2,392",13,1,1
2019,5,30,A4,"2,686",4,1,1
2019,5,31,A4,"2,838",12,1,1
2019,6,1,A4,"2,837",8,1,1
2019,6,2,A4,"2,199",11,1,1
2019,6,3,A4,"2,397",10,1,1
2019,6,4,A4,"2,600",3,1,1
2019,6,5,A4,"2,546",1,1,1
2019,6,6,A4,"2,539",10,1,1
2019,6,7,A4,"2,908",14,1,1
2019,6,8,A4,"2,898",9,1,1
2019,6,9,A4,"2,236",9,1,1
2019,6,10,A4,"2,425",12,1,1
2019,6,11,A4,"2,603",13,1,1
2019,6,12,A4,"2,581",11,1,1
2019,6,13,A4,"2,655",7,1,1
2019,6,14,A4,"2,956",13,1,1
2019,6,15,A4,"3,049",9,1,1
2019,6,16,A4,"2,236",6,1,1
2019,6,17,A4,"2,411",8,1,1
2019,6,18,A4,"2,546",6,1,1
2019,6,19,A4,"2,642",11,1,1
2019,6,20,A4,"2,671",15,1,1
2019,6,21,A4,"2,869",6,1,1
2019,6,22,A4,"2,809",6,1,1
2019,6,23,A4,"2,299",15,1,1
2019,6,24,A4,"2,582",20,1,1
2019,6,25,A4,"2,594",10,1,1
2019,6,26,A4,"2,634",14,1,1
2019,6,27,A4,"2,718",17,1,1
2019,6,28,A4,"3,137",15,1,2
2019,6,29,A4,"2,653",7,1,1
2019,6,30,A4,"2,227",8,1,1
2019,1,1,A5,"2,114",20,0,1
2019,1,2,A5,"3,874",28,0,2
2019,1,3,A5,"4,134",17,0,2
2019,1,4,A5,"4,395",35,0,2
2019,1,5,A5,"4,063",32,0,2
2019,1,6,A5,"3,068",18,0,1
2019,1,7,A5,"4,080",36,0,2
2019,1,8,A5,"4,045",35,0,2
2019,1,9,A5,"4,064",23,0,2
2019,1,10,A5,"4,210",27,0,2
2019,1,11,A5,"4,499",31,0,2
2019,1,12,A5,"4,300",25,0,2
2019,1,13,A5,"3,077",23,0,2
2019,1,14,A5,"4,015",34,0,2
2019,1,15,A5,"4,007",21,0,2
2019,1,16,A5,"4,031",29,0,2
2019,1,17,A5,"4,028",31,0,2
2019,1,18,A5,"4,406",44,0,2
2019,1,19,A5,"4,070",26,0,2
2019,1,20,A5,"2,944",21,0,1
2019,1,21,A5,"3,908",24,0,2
2019,1,22,A5,"3,981",32,0,2
2019,1,23,A5,"3,955",38,0,2
2019,1,24,A5,"3,966",29,0,2
2019,1,25,A5,"4,190",32,0,2
2019,1,26,A5,"3,988",28,0,2
2019,1,27,A5,"2,904",25,0,1
2019,1,28,A5,"4,003",36,0,2
2019,1,29,A5,"3,908",35,0,2
2019,1,30,A5,"3,885",38,0,2
2019,1,31,A5,"3,928",30,0,2
2019,2,1,A5,"4,180",31,0,2
2019,2,2,A5,"4,044",21,0,2
2019,2,3,A5,"2,972",25,0,1
2019,2,4,A5,"3,898",34,0,2
2019,2,5,A5,"3,892",26,0,2
2019,2,6,A5,"3,729",38,0,2
2019,2,7,A5,"3,913",44,0,2
2019,2,8,A5,"4,017",39,0,2
2019,2,9,A5,"3,911",28,0,2
2019,2,10,A5,"2,897",18,0,1
2019,2,11,A5,"3,991",32,0,2
2019,2,12,A5,"3,813",25,0,2
2019,2,13,A5,"3,973",31,0,2
2019,2,14,A5,"3,937",31,0,2
2019,2,15,A5,"4,179",32,0,2
2019,2,16,A5,"3,950",30,0,2
2019,2,17,A5,"2,980",22,0,1
2019,2,18,A5,"2,871",30,0,1
2019,2,19,A5,"3,720",38,0,2
2019,2,20,A5,"3,800",30,0,2
2019,2,21,A5,"3,776",28,0,2
2019,2,22,A5,"3,965",29,0,2
2019,2,23,A5,"3,805",31,0,2
2019,2,24,A5,"2,816",18,0,1
2019,2,25,A5,"3,651",44,0,2
2019,2,26,A5,"3,728",36,0,2
2019,2,27,A5,"3,799",30,0,2
2019,2,28,A5,"3,906",22,0,2
2019,3,1,A5,"4,114",19,0,2
2019,3,2,A5,"3,661",21,0,2
2019,3,3,A5,"2,784",17,0,1
2019,3,4,A5,"3,706",37,0,2
2019,3,5,A5,"3,704",30,0,2
2019,3,6,A5,"3,641",29,0,2
2019,3,7,A5,"3,762",32,0,2
2019,3,8,A5,"4,055",28,0,2
2019,3,9,A5,"3,728",24,0,2
2019,3,10,A5,"2,772",22,0,1
2019,3,11,A5,"3,659",30,0,2
2019,3,12,A5,"3,441",24,0,2
2019,3,13,A5,"3,503",38,0,2
2019,3,14,A5,"3,489",25,0,2
2019,3,15,A5,"3,825",29,0,2
2019,3,16,A5,"3,523",20,0,2
2019,3,17,A5,"2,635",16,0,1
2019,3,18,A5,"3,561",25,0,2
2019,3,19,A5,"3,449",32,0,2
2019,3,20,A5,"3,463",18,0,2
2019,3,21,A5,"3,506",31,0,2
2019,3,22,A5,"3,648",36,0,2
2019,3,23,A5,"3,654",30,0,2
2019,3,24,A5,"2,695",15,0,1
2019,3,25,A5,"3,526",30,0,2
2019,3,26,A5,"3,432",46,0,2
2019,3,27,A5,"3,423",22,0,2
2019,3,28,A5,"3,498",30,0,2
2019,3,29,A5,"3,750",36,0,2
2019,3,30,A5,"3,606",35,0,2
2019,3,31,A5,"2,783",16,0,1
2019,4,1,A5,"3,460",18,0,2
2019,4,2,A5,"3,354",20,0,2
2019,4,3,A5,"3,437",24,0,2
2019,4,4,A5,"3,477",22,0,2
2019,4,5,A5,"3,695",27,0,2
2019,4,6,A5,"3,548",20,0,2
2019,4,7,A5,"2,683",17,0,1
2019,4,8,A5,"3,503",26,0,2
2019,4,9,A5,"3,376",25,0,2
2019,4,10,A5,"3,538",32,0,2
2019,4,11,A5,"3,542",21,0,2
2019,4,12,A5,"3,746",22,0,2
2019,4,13,A5,"3,582",27,0,2
2019,4,14,A5,"2,726",13,0,1
2019,4,15,A5,"3,640",31,0,2
2019,4,16,A5,"3,648",28,0,2
2019,4,17,A5,"4,113",30,0,2
2019,4,18,A5,"4,472",28,0,2
2019,4,19,A5,"3,126",25,0,2
2019,4,20,A5,"3,062",25,0,1
2019,4,21,A5,"2,771",23,0,1
2019,4,22,A5,"3,525",26,0,2
2019,4,23,A5,"3,462",23,0,2
2019,4,24,A5,"3,487",31,0,2
2019,4,25,A5,"3,544",27,0,2
2019,4,26,A5,"3,873",32,0,2
2019,4,27,A5,"3,723",26,0,2
2019,4,28,A5,"2,820",17,0,1
2019,4,29,A5,"3,473",31,0,2
2019,4,30,A5,"3,585",32,0,2
2019,5,1,A5,"2,270",19,0,1
2019,5,2,A5,"3,365",28,0,2
2019,5,3,A5,"3,715",19,0,2
2019,5,4,A5,"3,539",24,0,2
2019,5,5,A5,"2,746",23,0,1
2019,5,6,A5,"3,453",39,0,2
2019,5,7,A5,"3,416",29,0,2
2019,5,8,A5,"3,483",56,0,2
2019,5,9,A5,"3,542",43,0,2
2019,5,10,A5,"3,724",21,0,2
2019,5,11,A5,"3,977",19,0,2
2019,5,12,A5,"3,236",21,0,2
2019,5,13,A5,981,25,0,0
2019,5,14,A5,"4,325",23,0,2
2019,5,15,A5,"3,713",26,0,2
2019,5,16,A5,"3,686",21,0,2
2019,5,17,A5,"3,940",34,0,2
2019,5,18,A5,"3,605",31,0,2
2019,5,19,A5,"2,824",20,0,1
2019,5,20,A5,"3,453",25,0,2
2019,5,21,A5,"3,361",31,0,2
2019,5,22,A5,"3,508",23,0,2
2019,5,23,A5,"3,587",29,0,2
2019,5,24,A5,"3,757",36,0,2
2019,5,25,A5,"3,600",48,0,2
2019,5,26,A5,"2,699",36,0,1
2019,5,27,A5,"3,468",32,0,2
2019,5,28,A5,"3,491",29,0,2
2019,5,29,A5,"3,419",27,0,2
2019,5,30,A5,"3,587",27,0,2
2019,5,31,A5,"3,860",28,0,2
2019,6,1,A5,"3,555",27,0,2
2019,6,2,A5,"2,694",21,0,1
2019,6,3,A5,"3,513",27,0,2
2019,6,4,A5,"3,497",29,0,2
2019,6,5,A5,"3,623",22,0,2
2019,6,6,A5,"3,424",31,0,2
2019,6,7,A5,"3,965",31,0,2
2019,6,8,A5,"3,635",20,0,2
2019,6,9,A5,"2,727",17,0,1
2019,6,10,A5,"3,492",29,0,2
2019,6,11,A5,"3,556",28,0,2
2019,6,12,A5,"3,550",20,0,2
2019,6,13,A5,"3,614",29,0,2
2019,6,14,A5,"4,036",34,0,2
2019,6,15,A5,"3,911",26,0,2
2019,6,16,A5,"2,846",12,0,1
2019,6,17,A5,"3,564",29,0,2
2019,6,18,A5,"3,491",18,0,2
2019,6,19,A5,"3,538",34,0,2
2019,6,20,A5,"3,625",37,0,2
2019,6,21,A5,"3,847",30,0,2
2019,6,22,A5,"3,443",23,0,2
2019,6,23,A5,"2,793",24,0,1
2019,6,24,A5,"3,573",36,0,2
2019,6,25,A5,"3,568",42,0,2
2019,6,26,A5,"3,647",21,0,2
2019,6,27,A5,"3,709",30,0,2
2019,6,28,A5,"4,003",36,0,2
2019,6,29,A5,"4,133",26,0,2
2019,6,30,A5,"3,908",35,0,2
2019,1,1,A5,"2,948",24,1,1
2019,1,2,A5,"4,534",25,1,2
2019,1,3,A5,"4,358",16,1,2
2019,1,4,A5,"4,600",33,1,2
2019,1,5,A5,"4,422",23,1,2
2019,1,6,A5,"3,330",15,1,2
2019,1,7,A5,"4,085",28,1,2
2019,1,8,A5,"4,061",31,1,2
2019,1,9,A5,"4,120",22,1,2
2019,1,10,A5,"4,172",27,1,2
2019,1,11,A5,"4,451",24,1,2
2019,1,12,A5,"4,230",22,1,2
2019,1,13,A5,"3,233",19,1,2
2019,1,14,A5,"3,951",28,1,2
2019,1,15,A5,"3,949",16,1,2
2019,1,16,A5,"3,951",25,1,2
2019,1,17,A5,"3,958",24,1,2
2019,1,18,A5,"4,369",28,1,2
2019,1,19,A5,"3,997",31,1,2
2019,1,20,A5,"3,100",23,1,2
2019,1,21,A5,"3,810",20,1,2
2019,1,22,A5,"3,863",21,1,2
2019,1,23,A5,"3,999",34,1,2
2019,1,24,A5,"4,019",27,1,2
2019,1,25,A5,"4,095",27,1,2
2019,1,26,A5,"3,972",24,1,2
2019,1,27,A5,"3,151",20,1,2
2019,1,28,A5,"3,929",35,1,2
2019,1,29,A5,"3,855",30,1,2
2019,1,30,A5,"3,891",28,1,2
2019,1,31,A5,"3,856",16,1,2
2019,2,1,A5,"4,038",25,1,2
2019,2,2,A5,"3,945",21,1,2
2019,2,3,A5,"3,160",29,1,2
2019,2,4,A5,"3,754",31,1,2
2019,2,5,A5,"3,822",26,1,2
2019,2,6,A5,"3,723",35,1,2
2019,2,7,A5,"3,869",33,1,2
2019,2,8,A5,"3,953",24,1,2
2019,2,9,A5,"3,907",23,1,2
2019,2,10,A5,"3,047",16,1,1
2019,2,11,A5,"3,792",34,1,2
2019,2,12,A5,"3,783",22,1,2
2019,2,13,A5,"3,926",29,1,2
2019,2,14,A5,"4,014",23,1,2
2019,2,15,A5,"4,029",24,1,2
2019,2,16,A5,"3,941",21,1,2
2019,2,17,A5,"3,105",22,1,2
2019,2,18,A5,"2,905",26,1,1
2019,2,19,A5,"3,661",27,1,2
2019,2,20,A5,"3,838",32,1,2
2019,2,21,A5,"3,870",20,1,2
2019,2,22,A5,"4,067",30,1,2
2019,2,23,A5,"3,810",24,1,2
2019,2,24,A5,"3,016",15,1,1
2019,2,25,A5,"3,599",41,1,2
2019,2,26,A5,"3,791",31,1,2
2019,2,27,A5,"3,781",24,1,2
2019,2,28,A5,"3,864",19,1,2
2019,3,1,A5,"4,112",16,1,2
2019,3,2,A5,"3,811",26,1,2
2019,3,3,A5,"3,027",11,1,1
2019,3,4,A5,"3,468",28,1,2
2019,3,5,A5,"3,545",21,1,2
2019,3,6,A5,"3,617",16,1,2
2019,3,7,A5,"3,720",27,1,2
2019,3,8,A5,"4,019",19,1,2
2019,3,9,A5,"3,827",21,1,2
2019,3,10,A5,"2,846",21,1,1
2019,3,11,A5,"3,456",24,1,2
2019,3,12,A5,"3,433",29,1,2
2019,3,13,A5,"3,539",38,1,2
2019,3,14,A5,"3,519",21,1,2
2019,3,15,A5,"3,768",26,1,2
2019,3,16,A5,"3,545",20,1,2
2019,3,17,A5,"2,748",14,1,1
2019,3,18,A5,"3,410",22,1,2
2019,3,19,A5,"3,396",25,1,2
2019,3,20,A5,"3,432",16,1,2
2019,3,21,A5,"3,541",23,1,2
2019,3,22,A5,"3,670",26,1,2
2019,3,23,A5,"3,660",22,1,2
2019,3,24,A5,"2,781",15,1,1
2019,3,25,A5,"3,372",25,1,2
2019,3,26,A5,"3,378",36,1,2
2019,3,27,A5,"3,586",24,1,2
2019,3,28,A5,"3,472",28,1,2
2019,3,29,A5,"3,858",31,1,2
2019,3,30,A5,"3,752",25,1,2
2019,3,31,A5,"2,797",16,1,1
2019,4,1,A5,"3,320",19,1,2
2019,4,2,A5,"3,323",21,1,2
2019,4,3,A5,"3,455",23,1,2
2019,4,4,A5,"3,438",20,1,2
2019,4,5,A5,"3,733",24,1,2
2019,4,6,A5,"3,673",18,1,2
2019,4,7,A5,"2,677",21,1,1
2019,4,8,A5,"3,386",21,1,2
2019,4,9,A5,"3,318",18,1,2
2019,4,10,A5,"3,511",24,1,2
2019,4,11,A5,"3,457",16,1,2
2019,4,12,A5,"3,852",23,1,2
2019,4,13,A5,"3,641",19,1,2
2019,4,14,A5,"2,679",15,1,1
2019,4,15,A5,"3,450",22,1,2
2019,4,16,A5,"3,646",23,1,2
2019,4,17,A5,"4,034",24,1,2
2019,4,18,A5,"3,340",25,1,2
2019,4,19,A5,"2,906",18,1,1
2019,4,20,A5,"3,681",19,1,2
2019,4,21,A5,"3,852",26,1,2
2019,4,22,A5,"3,421",20,1,2
2019,4,23,A5,"3,451",20,1,2
2019,4,24,A5,"3,430",25,1,2
2019,4,25,A5,"3,526",19,1,2
2019,4,26,A5,"3,923",20,1,2
2019,4,27,A5,"3,817",20,1,2
2019,4,28,A5,"2,669",19,1,1
2019,4,29,A5,"3,368",28,1,2
2019,4,30,A5,"3,613",25,1,2
2019,5,1,A5,"2,334",13,1,1
2019,5,2,A5,"3,376",20,1,2
2019,5,3,A5,"3,832",17,1,2
2019,5,4,A5,"3,581",25,1,2
2019,5,5,A5,"2,640",19,1,1
2019,5,6,A5,"3,331",26,1,2
2019,5,7,A5,"3,365",24,1,2
2019,5,8,A5,"3,524",25,1,2
2019,5,9,A5,"3,542",37,1,2
2019,5,10,A5,"3,860",18,1,2
2019,5,11,A5,"4,057",16,1,2
2019,5,12,A5,"3,167",14,1,2
2019,5,13,A5,871,20,1,0
2019,5,14,A5,"4,028",22,1,2
2019,5,15,A5,"3,703",20,1,2
2019,5,16,A5,"3,710",23,1,2
2019,5,17,A5,"3,972",27,1,2
2019,5,18,A5,"3,798",26,1,2
2019,5,19,A5,"2,840",16,1,1
2019,5,20,A5,"3,309",19,1,2
2019,5,21,A5,"3,401",26,1,2
2019,5,22,A5,"3,488",17,1,2
2019,5,23,A5,"3,564",22,1,2
2019,5,24,A5,"3,869",30,1,2
2019,5,25,A5,"3,697",35,1,2
2019,5,26,A5,"2,609",41,1,1
2019,5,27,A5,"3,295",31,1,2
2019,5,28,A5,"3,435",28,1,2
2019,5,29,A5,"3,477",28,1,2
2019,5,30,A5,"3,557",23,1,2
2019,5,31,A5,"3,889",26,1,2
2019,6,1,A5,"3,705",14,1,2
2019,6,2,A5,"2,558",17,1,1
2019,6,3,A5,"3,387",25,1,2
2019,6,4,A5,"3,460",23,1,2
2019,6,5,A5,"3,587",25,1,2
2019,6,6,A5,"3,442",23,1,2
2019,6,7,A5,"3,895",24,1,2
2019,6,8,A5,"3,710",18,1,2
2019,6,9,A5,"2,681",14,1,1
2019,6,10,A5,"3,375",22,1,2
2019,6,11,A5,"3,500",24,1,2
2019,6,12,A5,"3,646",17,1,2
2019,6,13,A5,"3,696",30,1,2
2019,6,14,A5,"4,026",31,1,2
2019,6,15,A5,"3,948",21,1,2
2019,6,16,A5,"2,808",10,1,1
2019,6,17,A5,"3,453",24,1,2
2019,6,18,A5,"3,420",21,1,2
2019,6,19,A5,"3,589",29,1,2
2019,6,20,A5,"3,552",35,1,2
2019,6,21,A5,"3,886",27,1,2
2019,6,22,A5,"3,627",18,1,2
2019,6,23,A5,"2,759",24,1,1
2019,6,24,A5,"3,527",35,1,2
2019,6,25,A5,"3,568",36,1,2
2019,6,26,A5,"3,607",22,1,2
2019,6,27,A5,"3,719",23,1,2
2019,6,28,A5,"3,929",35,1,2
2019,6,29,A5,"4,076",24,1,2
2019,6,30,A5,"3,855",30,1,2
2019,1,1,A6,827,8,0,0
2019,1,2,A6,945,5,0,0
2019,1,3,A6,"1,002",7,0,0
2019,1,4,A6,"1,056",6,0,0
2019,1,5,A6,"1,058",4,0,0
2019,1,6,A6,"1,260",5,0,0
2019,1,7,A6,"1,066",6,0,0
2019,1,8,A6,864,4,0,0
2019,1,9,A6,881,10,0,0
2019,1,10,A6,"1,009",7,0,0
2019,1,11,A6,"1,114",9,0,0
2019,1,12,A6,"1,075",5,0,0
2019,1,13,A6,"1,160",8,0,0
2019,1,14,A6,"1,006",8,0,0
2019,1,15,A6,838,9,0,0
2019,1,16,A6,897,8,0,0
2019,1,17,A6,898,12,0,0
2019,1,18,A6,"1,094",4,0,0
2019,1,19,A6,"1,090",7,0,0
2019,1,20,A6,"1,136",8,0,0
2019,1,21,A6,992,6,0,0
2019,1,22,A6,781,10,0,0
2019,1,23,A6,886,4,0,0
2019,1,24,A6,930,9,0,0
2019,1,25,A6,"1,023",3,0,0
2019,1,26,A6,"1,110",5,0,0
2019,1,27,A6,"1,130",5,0,0
2019,1,28,A6,"1,012",9,0,0
2019,1,29,A6,810,7,0,0
2019,1,30,A6,868,2,0,0
2019,1,31,A6,918,7,0,0
2019,2,1,A6,"1,118",8,0,0
2019,2,2,A6,"1,075",6,0,0
2019,2,3,A6,"1,267",6,0,0
2019,2,4,A6,894,9,0,0
2019,2,5,A6,780,5,0,0
2019,2,6,A6,847,7,0,0
2019,2,7,A6,943,8,0,0
2019,2,8,A6,"1,088",7,0,0
2019,2,9,A6,"1,016",4,0,0
2019,2,10,A6,"1,127",6,0,0
2019,2,11,A6,89,1,0,0
2019,2,12,A6,0,0,0,4
2019,2,13,A6,0,0,0,4
2019,2,14,A6,0,0,0,4
2019,2,15,A6,0,0,0,4
2019,2,16,A6,0,0,0,4
2019,2,17,A6,204,1,0,0
2019,2,18,A6,939,9,0,0
2019,2,19,A6,812,3,0,0
2019,2,20,A6,831,6,0,0
2019,2,21,A6,875,6,0,0
2019,2,22,A6,"1,121",9,0,0
2019,2,23,A6,"1,025",6,0,0
2019,2,24,A6,"1,177",5,0,0
2019,2,25,A6,"1,034",3,0,0
2019,2,26,A6,905,9,0,0
2019,2,27,A6,951,5,0,0
2019,2,28,A6,"1,026",7,0,0
2019,3,1,A6,"1,181",13,0,0
2019,3,2,A6,"1,097",4,0,0
2019,3,3,A6,"1,318",6,0,0
2019,3,4,A6,"1,072",9,0,0
2019,3,5,A6,825,7,0,0
2019,3,6,A6,770,7,0,0
2019,3,7,A6,889,10,0,0
2019,3,8,A6,"1,071",7,0,0
2019,3,9,A6,"1,047",6,0,0
2019,3,10,A6,"1,170",10,0,0
2019,3,11,A6,914,9,0,0
2019,3,12,A6,784,7,0,0
2019,3,13,A6,760,8,0,0
2019,3,14,A6,807,7,0,0
2019,3,15,A6,"1,023",6,0,0
2019,3,16,A6,987,6,0,0
2019,3,17,A6,"1,112",6,0,0
2019,3,18,A6,889,5,0,0
2019,3,19,A6,723,10,0,0
2019,3,20,A6,724,6,0,0
2019,3,21,A6,841,8,0,0
2019,3,22,A6,"1,033",9,0,0
2019,3,23,A6,"1,045",9,0,0
2019,3,24,A6,"1,648",10,0,1
2019,3,25,A6,918,14,0,0
2019,3,26,A6,723,7,0,0
2019,3,27,A6,766,7,0,0
2019,3,28,A6,822,10,0,0
2019,3,29,A6,"1,009",8,0,0
2019,3,30,A6,"1,018",8,0,0
2019,3,31,A6,"1,083",4,0,0
2019,4,1,A6,908,8,0,0
2019,4,2,A6,710,10,0,0
2019,4,3,A6,623,7,0,0
2019,4,4,A6,834,6,0,0
2019,4,5,A6,973,7,0,0
2019,4,6,A6,991,5,0,0
2019,4,7,A6,"1,045",7,0,0
2019,4,8,A6,865,7,0,0
2019,4,9,A6,710,10,0,0
2019,4,10,A6,755,4,0,0
2019,4,11,A6,812,9,0,0
2019,4,12,A6,"1,088",7,0,0
2019,4,13,A6,979,8,0,0
2019,4,14,A6,"1,014",2,0,0
2019,4,15,A6,847,10,0,0
2019,4,16,A6,748,5,0,0
2019,4,17,A6,"1,025",11,0,0
2019,4,18,A6,"1,277",7,0,0
2019,4,19,A6,"1,027",2,0,0
2019,4,20,A6,"1,081",7,0,0
2019,4,21,A6,"1,404",7,0,0
2019,4,22,A6,932,8,0,0
2019,4,23,A6,789,7,0,0
2019,4,24,A6,820,10,0,0
2019,4,25,A6,885,5,0,0
2019,4,26,A6,"1,061",7,0,0
2019,4,27,A6,"1,069",5,0,0
2019,4,28,A6,"1,182",11,0,0
2019,4,29,A6,"1,027",7,0,0
2019,4,30,A6,873,6,0,0
2019,5,1,A6,881,8,0,0
2019,5,2,A6,948,9,0,0
2019,5,3,A6,"1,033",5,0,0
2019,5,4,A6,"1,023",5,0,0
2019,5,5,A6,"1,082",5,0,0
2019,5,6,A6,960,8,0,0
2019,5,7,A6,819,5,0,0
2019,5,8,A6,835,2,0,0
2019,5,9,A6,931,5,0,0
2019,5,10,A6,"1,095",0,0,0
2019,5,11,A6,"1,135",7,0,0
2019,5,12,A6,"1,331",4,0,0
2019,5,13,A6,725,11,0,0
2019,5,14,A6,831,13,0,0
2019,5,15,A6,901,10,0,0
2019,5,16,A6,933,4,0,0
2019,5,17,A6,"1,107",7,0,0
2019,5,18,A6,"1,069",8,0,0
2019,5,19,A6,"1,108",7,0,0
2019,5,20,A6,961,7,0,0
2019,5,21,A6,767,4,0,0
2019,5,22,A6,798,8,0,0
2019,5,23,A6,939,7,0,0
2019,5,24,A6,"1,080",6,0,0
2019,5,25,A6,"1,072",7,0,0
2019,5,26,A6,"1,192",2,0,0
2019,5,27,A6,973,9,0,0
2019,5,28,A6,783,6,0,0
2019,5,29,A6,868,9,0,0
2019,5,30,A6,934,6,0,0
2019,5,31,A6,"1,106",5,0,0
2019,6,1,A6,"1,219",13,0,0
2019,6,2,A6,"1,124",11,0,0
2019,6,3,A6,937,3,0,0
2019,6,4,A6,796,5,0,0
2019,6,5,A6,863,4,0,0
2019,6,6,A6,723,10,0,0
2019,6,7,A6,"1,135",7,0,0
2019,6,8,A6,"1,008",7,0,0
2019,6,9,A6,"1,093",10,0,0
2019,6,10,A6,926,7,0,0
2019,6,11,A6,801,9,0,0
2019,6,12,A6,824,8,0,0
2019,6,13,A6,927,8,0,0
2019,6,14,A6,"1,174",4,0,0
2019,6,15,A6,"1,106",0,0,0
2019,6,16,A6,"1,082",6,0,0
2019,6,17,A6,"1,016",10,0,0
2019,6,18,A6,719,6,0,0
2019,6,19,A6,881,6,0,0
2019,6,20,A6,925,7,0,0
2019,6,21,A6,"1,125",4,0,0
2019,6,22,A6,"1,031",5,0,0
2019,6,23,A6,"1,000",3,0,0
2019,6,24,A6,"1,127",6,0,0
2019,6,25,A6,843,10,0,0
2019,6,26,A6,861,4,0,0
2019,6,27,A6,858,7,0,0
2019,6,28,A6,"1,095",6,0,0
2019,6,29,A6,"1,026",5,0,0
2019,6,30,A6,"1,090",9,0,0
2019,1,1,A6,814,9,1,0
2019,1,2,A6,"1,059",4,1,0
2019,1,3,A6,993,3,1,0
2019,1,4,A6,"1,074",6,1,0
2019,1,5,A6,"1,197",4,1,0
2019,1,6,A6,"1,108",6,1,0
2019,1,7,A6,960,4,1,0
2019,1,8,A6,959,5,1,0
2019,1,9,A6,960,7,1,0
2019,1,10,A6,898,8,1,0
2019,1,11,A6,997,12,1,0
2019,1,12,A6,"1,229",2,1,0
2019,1,13,A6,"1,076",9,1,0
2019,1,14,A6,955,7,1,0
2019,1,15,A6,899,12,1,0
2019,1,16,A6,976,7,1,0
2019,1,17,A6,832,11,1,0
2019,1,18,A6,994,2,1,0
2019,1,19,A6,"1,169",6,1,0
2019,1,20,A6,"1,049",6,1,0
2019,1,21,A6,949,6,1,0
2019,1,22,A6,919,10,1,0
2019,1,23,A6,940,8,1,0
2019,1,24,A6,854,4,1,0
2019,1,25,A6,946,4,1,0
2019,1,26,A6,"1,195",5,1,0
2019,1,27,A6,994,6,1,0
2019,1,28,A6,924,9,1,0
2019,1,29,A6,891,9,1,0
2019,1,30,A6,904,6,1,0
2019,1,31,A6,851,5,1,0
2019,2,1,A6,963,8,1,0
2019,2,2,A6,"1,140",7,1,0
2019,2,3,A6,"1,153",7,1,0
2019,2,4,A6,921,11,1,0
2019,2,5,A6,847,4,1,0
2019,2,6,A6,904,7,1,0
2019,2,7,A6,834,6,1,0
2019,2,8,A6,945,6,1,0
2019,2,9,A6,"1,200",5,1,0
2019,2,10,A6,980,3,1,0
2019,2,11,A6,7,1,1,0
2019,2,12,A6,0,0,1,4
2019,2,13,A6,0,0,1,4
2019,2,14,A6,0,0,1,4
2019,2,15,A6,0,0,1,4
2019,2,16,A6,0,0,1,4
2019,2,17,A6,97,0,1,0
2019,2,18,A6,925,7,1,0
2019,2,19,A6,861,3,1,0
2019,2,20,A6,844,6,1,0
2019,2,21,A6,838,5,1,0
2019,2,22,A6,"1,060",12,1,0
2019,2,23,A6,"1,301",6,1,0
2019,2,24,A6,"1,056",5,1,0
2019,2,25,A6,964,2,1,0
2019,2,26,A6,"1,004",9,1,0
2019,2,27,A6,954,5,1,0
2019,2,28,A6,923,10,1,0
2019,3,1,A6,"1,198",10,1,0
2019,3,2,A6,"1,280",6,1,0
2019,3,3,A6,"1,035",6,1,0
2019,3,4,A6,908,7,1,0
2019,3,5,A6,875,6,1,0
2019,3,6,A6,885,7,1,0
2019,3,7,A6,814,9,1,0
2019,3,8,A6,959,7,1,0
2019,3,9,A6,"1,166",6,1,0
2019,3,10,A6,"1,097",7,1,0
2019,3,11,A6,918,12,1,0
2019,3,12,A6,872,5,1,0
2019,3,13,A6,838,7,1,0
2019,3,14,A6,771,4,1,0
2019,3,15,A6,973,6,1,0
2019,3,16,A6,"1,151",8,1,0
2019,3,17,A6,"1,030",4,1,0
2019,3,18,A6,898,6,1,0
2019,3,19,A6,856,11,1,0
2019,3,20,A6,808,7,1,0
2019,3,21,A6,808,9,1,0
2019,3,22,A6,872,8,1,0
2019,3,23,A6,"1,120",9,1,0
2019,3,24,A6,"1,531",10,1,0
2019,3,25,A6,891,16,1,0
2019,3,26,A6,820,9,1,0
2019,3,27,A6,793,6,1,0
2019,3,28,A6,788,10,1,0
2019,3,29,A6,889,7,1,0
2019,3,30,A6,"1,118",8,1,0
2019,3,31,A6,975,5,1,0
2019,4,1,A6,860,7,1,0
2019,4,2,A6,694,3,1,0
2019,4,3,A6,731,11,1,0
2019,4,4,A6,758,5,1,0
2019,4,5,A6,835,6,1,0
2019,4,6,A6,"1,114",3,1,0
2019,4,7,A6,985,10,1,0
2019,4,8,A6,892,11,1,0
2019,4,9,A6,767,7,1,0
2019,4,10,A6,789,5,1,0
2019,4,11,A6,798,10,1,0
2019,4,12,A6,947,6,1,0
2019,4,13,A6,"1,133",6,1,0
2019,4,14,A6,953,3,1,0
2019,4,15,A6,803,8,1,0
2019,4,16,A6,844,8,1,0
2019,4,17,A6,"1,132",12,1,0
2019,4,18,A6,"1,402",6,1,0
2019,4,19,A6,"1,006",3,1,0
2019,4,20,A6,"1,068",4,1,0
2019,4,21,A6,"1,140",8,1,0
2019,4,22,A6,"1,002",5,1,0
2019,4,23,A6,874,6,1,0
2019,4,24,A6,809,9,1,0
2019,4,25,A6,802,7,1,0
2019,4,26,A6,"1,001",5,1,0
2019,4,27,A6,"1,194",6,1,0
2019,4,28,A6,"1,008",13,1,0
2019,4,29,A6,"1,001",8,1,0
2019,4,30,A6,901,3,1,0
2019,5,1,A6,862,10,1,0
2019,5,2,A6,886,8,1,0
2019,5,3,A6,977,6,1,0
2019,5,4,A6,"1,107",4,1,0
2019,5,5,A6,"1,052",5,1,0
2019,5,6,A6,945,7,1,0
2019,5,7,A6,887,10,1,0
2019,5,8,A6,806,2,1,0
2019,5,9,A6,872,4,1,0
2019,5,10,A6,"1,031",3,1,0
2019,5,11,A6,"1,333",6,1,0
2019,5,12,A6,"1,185",2,1,0
2019,5,13,A6,517,9,1,0
2019,5,14,A6,980,10,1,0
2019,5,15,A6,940,9,1,0
2019,5,16,A6,880,6,1,0
2019,5,17,A6,"1,093",5,1,0
2019,5,18,A6,"1,208",4,1,0
2019,5,19,A6,"1,066",7,1,0
2019,5,20,A6,849,7,1,0
2019,5,21,A6,858,5,1,0
2019,5,22,A6,878,8,1,0
2019,5,23,A6,877,6,1,0
2019,5,24,A6,962,6,1,0
2019,5,25,A6,"1,189",6,1,0
2019,5,26,A6,"1,048",3,1,0
2019,5,27,A6,982,7,1,0
2019,5,28,A6,870,7,1,0
2019,5,29,A6,930,11,1,0
2019,5,30,A6,903,6,1,0
2019,6,1,A6,"1,077",8,1,0
2019,6,2,A6,"1,071",9,1,0
2019,6,3,A6,925,6,1,0
2019,6,4,A6,902,7,1,0
2019,6,5,A6,923,6,1,0
2019,6,6,A6,623,9,1,0
2019,6,7,A6,"1,046",6,1,0
2019,6,8,A6,"1,089",9,1,0
2019,6,9,A6,"1,083",10,1,0
2019,6,10,A6,910,9,1,0
2019,6,11,A6,979,9,1,0
2019,6,12,A6,850,7,1,0
2019,6,13,A6,847,8,1,0
2019,6,14,A6,"1,010",6,1,0
2019,6,15,A6,"1,116",1,1,0
2019,6,16,A6,982,4,1,0
2019,6,17,A6,990,8,1,0
2019,6,18,A6,868,5,1,0
2019,6,19,A6,912,7,1,0
2019,6,20,A6,857,8,1,0
2019,6,21,A6,"1,008",4,1,0
2019,6,22,A6,"1,148",7,1,0
2019,6,23,A6,"1,094",4,1,0
2019,6,24,A6,884,4,1,0
2019,6,25,A6,958,10,1,0
2019,6,26,A6,956,6,1,0
2019,6,27,A6,863,5,1,0
2019,6,28,A6,"1,017",5,1,0
2019,6,29,A6,"1,066",7,1,0
2019,6,30,A6,"1,069",7,1,0
2019,1,1,A7,411,3,0,0
2019,1,2,A7,418,12,0,0
2019,1,3,A7,455,7,0,0
2019,1,4,A7,500,2,0,0
2019,1,5,A7,282,5,0,0
2019,1,6,A7,390,4,0,0
2019,1,7,A7,448,10,0,0
2019,1,8,A7,444,7,0,0
2019,1,9,A7,445,5,0,0
2019,1,10,A7,407,6,0,0
2019,1,11,A7,461,5,0,0
2019,1,12,A7,279,11,0,0
2019,1,13,A7,340,5,0,0
2019,1,14,A7,446,5,0,0
2019,1,15,A7,400,7,0,0
2019,1,16,A7,393,5,0,0
2019,1,17,A7,415,6,0,0
2019,1,18,A7,481,3,0,0
2019,1,19,A7,279,5,0,0
2019,1,20,A7,359,5,0,0
2019,1,21,A7,466,2,0,0
2019,1,22,A7,456,4,0,0
2019,1,23,A7,189,9,0,0
2019,1,24,A7,308,4,0,0
2019,1,25,A7,410,5,0,0
2019,1,26,A7,429,5,0,0
2019,1,27,A7,427,3,0,0
2019,1,28,A7,521,7,0,0
2019,1,29,A7,315,4,0,0
2019,1,30,A7,363,4,0,0
2019,1,31,A7,494,2,0,0
2019,2,1,A7,472,11,0,0
2019,2,2,A7,390,3,0,0
2019,2,3,A7,457,3,0,0
2019,2,4,A7,289,3,0,0
2019,2,5,A7,313,4,0,0
2019,2,6,A7,493,3,0,0
2019,2,7,A7,415,8,0,0
2019,2,8,A7,411,7,0,0
2019,2,9,A7,411,6,0,0
2019,2,10,A7,455,4,0,0
2019,2,11,A7,274,13,0,0
2019,2,12,A7,310,5,0,0
2019,2,13,A7,397,4,0,0
2019,2,14,A7,368,5,0,0
2019,2,15,A7,351,2,0,0
2019,2,16,A7,389,5,0,0
2019,2,17,A7,471,7,0,0
2019,2,18,A7,289,3,0,0
2019,2,19,A7,318,5,0,0
2019,2,20,A7,436,3,0,0
2019,2,21,A7,449,10,0,0
2019,2,22,A7,421,2,0,0
2019,2,23,A7,429,5,0,0
2019,2,24,A7,462,3,0,0
2019,2,25,A7,304,6,0,0
2019,2,26,A7,360,5,0,0
2019,2,27,A7,524,4,0,0
2019,2,28,A7,524,9,0,0
2019,3,1,A7,515,8,0,0
2019,3,2,A7,493,4,0,0
2019,3,3,A7,548,3,0,0
2019,3,4,A7,288,5,0,0
2019,3,5,A7,328,2,0,0
2019,3,6,A7,402,5,0,0
2019,3,7,A7,399,4,0,0
2019,3,8,A7,393,5,0,0
2019,3,9,A7,410,4,0,0
2019,3,10,A7,465,4,0,0
2019,3,11,A7,297,10,0,0
2019,3,12,A7,302,5,0,0
2019,3,13,A7,404,7,0,0
2019,3,14,A7,404,8,0,0
2019,3,15,A7,368,3,0,0
2019,3,16,A7,382,5,0,0
2019,3,17,A7,449,4,0,0
2019,3,18,A7,253,3,0,0
2019,3,19,A7,294,5,0,0
2019,3,20,A7,412,4,0,0
2019,3,21,A7,373,8,0,0
2019,3,22,A7,393,5,0,0
2019,3,23,A7,406,4,0,0
2019,3,24,A7,440,7,0,0
2019,3,25,A7,223,3,0,0
2019,3,26,A7,282,6,0,0
2019,3,27,A7,463,5,0,0
2019,3,28,A7,396,4,0,0
2019,3,29,A7,379,3,0,0
2019,3,30,A7,384,4,0,0
2019,3,31,A7,459,6,0,0
2019,4,1,A7,265,10,0,0
2019,4,2,A7,297,3,0,0
2019,4,3,A7,366,4,0,0
2019,4,4,A7,430,3,0,0
2019,4,5,A7,358,8,0,0
2019,4,6,A7,388,6,0,0
2019,4,7,A7,382,11,0,0
2019,4,8,A7,278,6,0,0
2019,4,9,A7,320,6,0,0
2019,4,10,A7,429,5,0,0
2019,4,11,A7,416,9,0,0
2019,4,12,A7,394,6,0,0
2019,4,13,A7,390,6,0,0
2019,4,14,A7,429,5,0,0
2019,4,15,A7,251,4,0,0
2019,4,16,A7,378,3,0,0
2019,4,17,A7,536,4,0,0
2019,4,18,A7,859,4,0,0
2019,4,19,A7,402,9,0,0
2019,4,20,A7,217,6,0,0
2019,4,21,A7,402,14,0,0
2019,4,22,A7,277,4,0,0
2019,4,23,A7,295,6,0,0
2019,4,24,A7,463,6,0,0
2019,4,25,A7,428,3,0,0
2019,4,26,A7,419,2,0,0
2019,4,27,A7,429,2,0,0
2019,4,28,A7,462,4,0,0
2019,4,29,A7,302,5,0,0
2019,4,30,A7,327,2,0,0
2019,5,1,A7,489,12,0,0
2019,5,2,A7,322,4,0,0
2019,5,3,A7,366,3,0,0
2019,5,4,A7,400,8,0,0
2019,5,5,A7,462,5,0,0
2019,5,6,A7,244,4,0,0
2019,5,7,A7,341,7,0,0
2019,5,8,A7,457,7,0,0
2019,5,9,A7,412,3,0,0
2019,5,10,A7,431,6,0,0
2019,5,11,A7,517,10,0,0
2019,5,12,A7,393,5,0,0
2019,5,13,A7,290,3,0,0
2019,5,14,A7,336,9,0,0
2019,5,15,A7,420,2,0,0
2019,5,16,A7,460,2,0,0
2019,5,17,A7,387,1,0,0
2019,5,18,A7,410,10,0,0
2019,5,19,A7,460,3,0,0
2019,5,20,A7,285,4,0,0
2019,5,21,A7,333,6,0,0
2019,5,22,A7,453,6,0,0
2019,5,23,A7,431,5,0,0
2019,5,24,A7,410,3,0,0
2019,5,25,A7,456,9,0,0
2019,5,26,A7,455,5,0,0
2019,5,27,A7,265,6,0,0
2019,5,28,A7,339,6,0,0
2019,5,29,A7,508,4,0,0
2019,5,30,A7,508,4,0,0
2019,6,1,A7,431,9,0,0
2019,6,2,A7,444,7,0,0
2019,6,3,A7,255,6,0,0
2019,6,4,A7,320,5,0,0
2019,6,5,A7,424,4,0,0
2019,6,6,A7,447,4,0,0
2019,6,7,A7,379,4,0,0
2019,6,8,A7,386,8,0,0
2019,6,9,A7,425,11,0,0
2019,6,10,A7,296,5,0,0
2019,6,11,A7,368,5,0,0
2019,6,12,A7,464,6,0,0
2019,6,13,A7,443,5,0,0
2019,6,14,A7,440,4,0,0
2019,6,15,A7,409,6,0,0
2019,6,16,A7,374,7,0,0
2019,6,17,A7,277,10,0,0
2019,6,18,A7,334,3,0,0
2019,6,19,A7,414,3,0,0
2019,6,20,A7,449,7,0,0
2019,6,21,A7,441,6,0,0
2019,6,22,A7,460,5,0,0
2019,6,23,A7,511,5,0,0
2019,6,24,A7,317,6,0,0
2019,6,25,A7,285,11,0,0
2019,6,26,A7,390,3,0,0
2019,6,27,A7,452,3,0,0
2019,6,28,A7,406,4,0,0
2019,6,29,A7,401,5,0,0
2019,6,30,A7,448,8,0,0
2019,1,1,A7,263,11,1,0
2019,1,2,A7,405,4,1,0
2019,1,3,A7,481,4,1,0
2019,1,4,A7,436,6,1,0
2019,1,5,A7,484,3,1,0
2019,1,6,A7,535,5,1,0
2019,1,7,A7,361,5,1,0
2019,1,8,A7,418,3,1,0
2019,1,9,A7,404,3,1,0
2019,1,10,A7,418,6,1,0
2019,1,11,A7,419,11,1,0
2019,1,12,A7,415,6,1,0
2019,1,13,A7,437,3,1,0
2019,1,14,A7,348,5,1,0
2019,1,15,A7,384,4,1,0
2019,1,16,A7,422,9,1,0
2019,1,17,A7,410,8,1,0
2019,1,18,A7,373,8,1,0
2019,1,19,A7,399,6,1,0
2019,1,20,A7,394,4,1,0
2019,1,21,A7,336,12,1,0
2019,1,22,A7,396,3,1,0
2019,1,23,A7,449,5,1,0
2019,1,24,A7,376,6,1,0
2019,1,25,A7,419,5,1,0
2019,1,26,A7,363,7,1,0
2019,1,27,A7,367,4,1,0
2019,1,28,A7,335,4,1,0
2019,1,29,A7,359,5,1,0
2019,1,30,A7,410,3,1,0
2019,1,31,A7,405,4,1,0
2019,2,1,A7,404,12,1,0
2019,2,2,A7,394,4,1,0
2019,2,3,A7,388,5,1,0
2019,2,4,A7,350,2,1,0
2019,2,5,A7,386,2,1,0
2019,2,6,A7,403,3,1,0
2019,2,7,A7,416,7,1,0
2019,2,8,A7,378,6,1,0
2019,2,9,A7,383,4,1,0
2019,2,10,A7,404,4,1,0
2019,2,11,A7,301,12,1,0
2019,2,12,A7,214,3,1,0
2019,2,13,A7,421,5,1,0
2019,2,14,A7,439,3,1,0
2019,2,15,A7,432,5,1,0
2019,2,16,A7,398,5,1,0
2019,2,17,A7,322,6,1,0
2019,2,18,A7,368,6,1,0
2019,2,19,A7,341,4,1,0
2019,2,20,A7,425,3,1,0
2019,2,21,A7,382,10,1,0
2019,2,22,A7,331,6,1,0
2019,2,23,A7,413,4,1,0
2019,2,24,A7,442,1,1,0
2019,2,25,A7,375,4,1,0
2019,2,26,A7,407,6,1,0
2019,2,27,A7,401,6,1,0
2019,2,28,A7,388,5,1,0
2019,3,1,A7,358,8,1,0
2019,3,2,A7,416,8,1,0
2019,3,3,A7,392,3,1,0
2019,3,4,A7,338,4,1,0
2019,3,5,A7,353,1,1,0
2019,3,6,A7,420,3,1,0
2019,3,7,A7,463,5,1,0
2019,3,8,A7,393,5,1,0
2019,3,9,A7,382,6,1,0
2019,3,10,A7,353,3,1,0
2019,3,11,A7,319,10,1,0
2019,3,12,A7,375,6,1,0
2019,3,13,A7,366,4,1,0
2019,3,14,A7,361,4,1,0
2019,3,15,A7,391,4,1,0
2019,3,16,A7,359,4,1,0
2019,3,17,A7,376,3,1,0
2019,3,18,A7,320,2,1,0
2019,3,19,A7,359,9,1,0
2019,3,20,A7,360,4,1,0
2019,3,21,A7,362,9,1,0
2019,3,22,A7,354,3,1,0
2019,3,23,A7,350,7,1,0
2019,3,24,A7,363,5,1,0
2019,3,25,A7,306,4,1,0
2019,3,26,A7,358,7,1,0
2019,3,27,A7,376,5,1,0
2019,3,28,A7,374,5,1,0
2019,3,29,A7,355,4,1,0
2019,3,30,A7,363,3,1,0
2019,4,1,A7,317,10,1,0
2019,4,2,A7,350,4,1,0
2019,4,3,A7,315,3,1,0
2019,4,4,A7,321,3,1,0
2019,4,5,A7,339,6,1,0
2019,4,6,A7,350,6,1,0
2019,4,7,A7,377,8,1,0
2019,4,8,A7,317,12,1,0
2019,4,9,A7,351,5,1,0
2019,4,10,A7,323,6,1,0
2019,4,11,A7,367,8,1,0
2019,4,12,A7,384,5,1,0
2019,4,13,A7,342,6,1,0
2019,4,14,A7,392,3,1,0
2019,4,15,A7,319,7,1,0
2019,4,16,A7,351,3,1,0
2019,4,17,A7,439,5,1,0
2019,4,18,A7,406,3,1,0
2019,4,19,A7,334,6,1,0
2019,4,20,A7,384,9,1,0
2019,4,21,A7,723,11,1,0
2019,4,22,A7,382,3,1,0
2019,4,23,A7,340,8,1,0
2019,4,24,A7,325,3,1,0
2019,4,25,A7,337,5,1,0
2019,4,26,A7,348,3,1,0
2019,4,27,A7,360,2,1,0
2019,4,28,A7,376,3,1,0
2019,4,29,A7,365,5,1,0
2019,4,30,A7,391,4,1,0
2019,5,1,A7,331,12,1,0
2019,5,2,A7,330,2,1,0
2019,5,3,A7,372,6,1,0
2019,5,4,A7,342,6,1,0
2019,5,5,A7,412,5,1,0
2019,5,6,A7,328,5,1,0
2019,5,7,A7,369,6,1,0
2019,5,8,A7,384,8,1,0
2019,5,9,A7,363,3,1,0
2019,5,10,A7,404,6,1,0
2019,5,11,A7,396,9,1,0
2019,5,12,A7,348,4,1,0
2019,5,13,A7,323,5,1,0
2019,5,14,A7,394,2,1,0
2019,5,15,A7,416,3,1,0
2019,5,16,A7,377,3,1,0
2019,5,17,A7,417,3,1,0
2019,5,18,A7,434,7,1,0
2019,5,19,A7,395,2,1,0
2019,5,20,A7,373,5,1,0
2019,5,21,A7,358,4,1,0
2019,5,22,A7,397,6,1,0
2019,5,23,A7,410,4,1,0
2019,5,24,A7,385,6,1,0
2019,5,25,A7,399,9,1,0
2019,5,26,A7,359,3,1,0
2019,5,27,A7,402,5,1,0
2019,5,28,A7,380,6,1,0
2019,5,29,A7,362,3,1,0
2019,5,30,A7,383,7,1,0
2019,6,1,A7,399,11,1,0
2019,6,2,A7,515,3,1,0
2019,6,3,A7,371,9,1,0
2019,6,4,A7,370,3,1,0
2019,6,5,A7,389,6,1,0
2019,6,6,A7,398,4,1,0
2019,6,7,A7,351,7,1,0
2019,6,8,A7,369,9,1,0
2019,6,9,A7,354,12,1,0
2019,6,10,A7,344,4,1,0
2019,6,11,A7,357,5,1,0
2019,6,12,A7,404,4,1,0
2019,6,13,A7,358,6,1,0
2019,6,14,A7,372,3,1,0
2019,6,15,A7,404,4,1,0
2019,6,16,A7,353,7,1,0
2019,6,17,A7,299,10,1,0
2019,6,18,A7,359,3,1,0
2019,6,19,A7,364,3,1,0
2019,6,20,A7,393,8,1,0
2019,6,21,A7,368,6,1,0
2019,6,22,A7,356,5,1,0
2019,6,23,A7,381,6,1,0
2019,6,24,A7,358,7,1,0
2019,6,25,A7,380,11,1,0
2019,6,26,A7,436,4,1,0
2019,6,27,A7,467,4,1,0
2019,6,28,A7,350,3,1,0
2019,6,29,A7,382,5,1,0
2019,6,30,A7,410,6,1,0
